,ID Candidato,Género,Carrera Gestional,Avance,Semestres Totales,Postulados Si/No,Evaluados Si/No,Altamente Recomendado,Operaciones-Calidad,MTTO-DIMA,Comercial-Planeamiento,DIGI-SC,Resto-Soft,Apto/No Apto,Destacado Pym,Ingles,Apto/ Destacado,Ingresados Si/No
0,0.0,F,Ing. Industrial,,,Si,Si,Si,5,3,5,1,1,1,1,4,2,1
1,1.0,F,Ing. Industrial,6.0,9.0,Si,Si,Si,5,1,1,1,1,1,1,4,2,0
2,2.0,F,Ing. Mecatrónica/Electrónica,6.0,9.0,Si,Si,Si,5,5,1,3,5,1,1,4,2,1
3,3.0,F,Negocios Internacionales,,,Si,Si,,0,0,0,0,0,0,0,0, ,0
4,4.0,M,Ing. Química,6.0,9.0,Si,Si,,1,1,1,1,1,0,0,0, ,0
5,5.0,F,Ing. Mecánica,9.0,10.0,Si,Si,Si,5,1,3,5,3,0,0,0, ,0
6,6.0,M,Ing. Mecánica,8.0,9.0,Si,Si,,1,1,1,1,1,0,0,0, ,0
7,7.0,F,Ing. Industrial,6.0,9.0,Si,Si,,1,3,1,1,1,1,0,4,1,1
8,8.0,M,Ing. Materiales,8.0,10.0,Si,Si,,0,0,0,0,0,0,0,0, ,0
9,9.0,F,Negocios Internacionales,9.0,10.0,Si,Si,,0,0,0,0,0,0,0,0, ,0
10,10.0,F,Ing. Química,6.0,10.0,Si,Si,Si,3,3,1,5,1,1,0,4, ,1
11,11.0,F,Ing. Mecatrónica/Electrónica,8.0,10.0,Si,Si,,0,0,0,0,0,0,0,0, ,0
12,12.0,M,Ing. Industrial,10.0,9.0,Si,Si,Si,5,5,1,1,1,0,0,0, ,0
13,13.0,M,Ing. Gestión Empresarial,8.0,9.0,Si,Si,Si,5,1,5,5,5,1,0,3,1,0
14,14.0,M,Ing. Gestión Empresarial,8.0,9.0,Si,Si,Si,3,5,1,3,5,1,1,3,2,1
15,15.0,M,Ing. Mecatrónica/Electrónica,8.0,9.0,Si,Si,,1,3,1,1,5,0,0,0, ,0
16,16.0,M,Ing. Mecatrónica/Electrónica,8.0,9.0,Si,Si,Si,5,3,3,1,1,0,0,0, ,0
17,17.0,M,Ing. Tecnologías Computacionales,8.0,9.0,Si,Si,,3,1,1,1,1,0,0,0, ,0
18,18.0,M,Ing. Mecánica,8.0,9.0,Si,Si,,3,3,1,1,5,0,0,0, ,0
19,19.0,M,Ing. Mecatrónica/Electrónica,8.0,9.0,Si,Si,Si,1,3,5,3,3,0,0,0, ,0
20,20.0,F,Administración,6.0,10.0,Si,Si,,0,0,0,0,0,0,0,0, ,0
21,21.0,F,Ing. Industrial,10.0,10.0,Si,Si,,3,3,1,1,1,0,0,0, ,0
22,22.0,F,Administración,9.0,10.0,Si,Si,,1,1,1,1,1,0,0,0, ,0
23,23.0,M,Ing. Mecánica,10.0,10.0,Si,Si,Si,1,3,1,5,1,0,0,0, ,0
24,24.0,M,Ing. Mecánica,10.0,10.0,Si,Si,Si,1,5,1,3,3,0,0,3, ,0
25,25.0,F,Ing. Industrial,8.0,10.0,Si,Si,Si,1,5,5,3,3,0,0,0, ,0
26,26.0,M,Ing. Industrial,10.0,10.0,Si,Si,,0,0,0,0,0,0,0,0, ,0
27,27.0,M,Ing. Mecánica,10.0,10.0,Si,Si,Si,5,5,1,1,5,0,0,0, ,0
28,28.0,M,Ing. Materiales,9.0,10.0,Si,Si,Si,1,5,1,1,1,0,0,0, ,0
29,29.0,M,Ing. Materiales,9.0,10.0,Si,Si,,1,1,1,1,1,0,0,0, ,0
30,30.0,M,Maestría en Metalurgia,5.0,10.0,Si,Si,Si,5,5,1,5,3,0,0,0, ,0
31,31.0,F,Ing. Materiales,,,Si,Si,Si,5,5,1,1,1,1,1,4,2,1
32,32.0,F,Ing. Materiales,10.0,10.0,Si,Si,,0,0,0,0,0,0,0,0, ,0
33,33.0,M,Ing. Mecánica,10.0,10.0,Si,Si,Si,5,5,1,1,3,0,0,0, ,0
34,34.0,F,Ing. Tecnologías Computacionales,9.0,10.0,Si,Si,Si,1,1,5,1,1,0,0,1, ,0
35,35.0,F,Ing. Industrial,8.0,10.0,Si,Si,Si,1,5,1,1,5,0,0,0, ,0
36,36.0,M,Ing. Mecánica,10.0,10.0,Si,Si,Si,1,5,5,5,3,0,0,0, ,0
37,37.0,M,Ing. Mecánica,10.0,10.0,Si,Si,,0,0,0,0,0,0,0,0, ,0
38,38.0,F,Ing. Mecánica,10.0,10.0,Si,Si,,1,3,1,1,5,0,0,0, ,0
39,39.0,M,Ing. Mecatrónica/Electrónica,9.0,10.0,Si,Si,Si,1,1,5,1,5,0,0,0, ,0
40,40.0,M,Ing. Mecatrónica/Electrónica,9.0,10.0,Si,Si,Si,1,3,5,1,1,0,0,0, ,0
41,41.0,M,Ing. Mecánica,9.0,10.0,Si,Si,,0,0,0,0,0,0,0,0, ,0
42,42.0,F,Ing. Materiales,9.0,10.0,Si,Si,Si,1,3,1,5,1,0,0,2, ,0
43,43.0,M,Ing. Mecatrónica/Electrónica,10.0,10.0,Si,Si,Si,1,1,5,3,3,0,0,0, ,0
44,44.0,F,Recursos Humanos,6.0,9.0,Si,Si,,3,1,3,3,1,0,0,0, ,0
45,45.0,F,Administración,8.0,9.0,Si,Si,,0,0,0,0,0,0,0,0, ,0
46,46.0,M,Ing. Tecnologías Computacionales,4.0,9.0,Si,Si,,0,0,0,0,0,0,0,0, ,0
47,47.0,M,Ing. Tecnologías Computacionales,4.0,9.0,Si,Si,Si,1,5,1,1,3,0,0,0, ,0
48,48.0,M,Ing. Tecnologías Computacionales,4.0,9.0,Si,Si,,1,1,3,1,1,0,0,0, ,0
49,49.0,M,Ing. Tecnologías Computacionales,4.0,9.0,Si,Si,Si,1,5,1,1,1,0,0,0, ,0
50,50.0,F,Ing. Tecnologías Computacionales,4.0,9.0,Si,Si,Si,5,5,1,1,3,0,0,6, ,0
51,51.0,M,Ing. Tecnologías Computacionales,4.0,9.0,Si,Si,Si,5,5,1,5,3,0,0,0, ,0
52,52.0,F,Ing. Industrial,8.0,9.0,Si,Si,Si,1,1,5,5,1,0,0,2, ,0
53,53.0,F,Ing. Mecatrónica/Electrónica,10.0,10.0,Si,Si,Si,1,5,1,1,1,1,1,3,2,1
54,54.0,M,Ing. Mecánica,9.0,9.0,Si,Si,Si,1,1,5,5,1,0,0,0, ,0
55,55.0,F,Ing. Industrial,9.0,9.0,Si,Si,Si,1,3,5,3,5,0,0,0, ,0
56,56.0,F,Ing. Industrial,10.0,10.0,Si,Si,Si,5,1,5,3,1,0,0,3, ,0
57,57.0,M,Ing. Desarrollo Sustentable,6.0,9.0,Si,Si,,1,1,1,1,3,0,0,0, ,0
58,58.0,M,Economía/Finanzas,7.0,9.0,Si,Si,,1,1,1,1,1,0,0,0, ,0
59,59.0,M,Administración,9.0,9.0,Si,Si,Si,1,5,1,1,3,0,0,5, ,0
60,60.0,M,Ing. Diseño Automotriz,9.0,9.0,Si,Si,,1,1,1,1,1,0,0,0, ,0
61,61.0,M,Ing. Química,9.0,9.0,Si,Si,,1,1,1,1,3,0,0,0, ,0
62,62.0,F,Ing. Tecnologías Computacionales,8.0,9.0,Si,Si,Si,1,5,3,5,3,0,0,3, ,0
63,63.0,F,Ing. Mecatrónica/Electrónica,9.0,9.0,Si,Si,,0,0,0,0,0,0,0,0, ,0
64,64.0,F,Ing. Mecatrónica/Electrónica,8.0,9.0,Si,Si,,1,1,1,3,5,0,0,0, ,0
65,65.0,M,Ing. Diseño Automotriz,10.0,10.0,Si,Si,,0,0,0,0,0,0,0,0, ,0
66,66.0,F,Ing. Tecnologías Computacionales,8.0,9.0,Si,Si,Si,1,5,1,1,3,0,0,5, ,0
67,67.0,M,Ing. Mecatrónica/Electrónica,8.0,9.0,Si,Si,Si,5,5,5,5,1,1,1,5,2,1
68,68.0,M,Ing. Mecatrónica/Electrónica,7.0,9.0,Si,Si,Si,1,1,1,5,1,0,0,0, ,0
69,69.0,M,Ing. Química,9.0,9.0,Si,Si,Si,1,5,1,1,1,0,0,4, ,0
70,70.0,M,Ing. Industrial,10.0,9.0,Si,Si,Si,1,5,1,1,3,0,0,0, ,0
71,71.0,F,Ing. Industrial,10.0,9.0,Si,Si,,1,1,1,1,5,0,0,0, ,0
72,72.0,F,Ing. Industrial,8.0,9.0,Si,Si,Si,1,5,1,1,5,1,1,5,2,1
73,73.0,F,Ing. Industrial,10.0,9.0,Si,Si,Si,1,5,1,1,1,0,0,0, ,0
74,74.0,M,Ing. Industrial,7.0,9.0,Si,Si,Si,1,1,5,1,5,0,0,0, ,0
75,75.0,M,Ing. Industrial,9.0,9.0,Si,Si,,1,1,1,1,3,0,0,0, ,0
76,76.0,F,Ing. Nanotecnología,8.0,9.0,Si,Si,Si,3,5,5,5,5,1,0,4, ,1
77,77.0,M,Ing. Mecánica,6.0,9.0,Si,Si,Si,5,3,5,5,5,0,0,0, ,0
78,78.0,F,Mercadotecnia,4.0,9.0,Si,Si,,0,0,0,0,0,0,0,0, ,0
79,79.0,F,Ing. Química,9.0,9.0,Si,Si,,3,1,1,1,3,0,0,0, ,0
80,80.0,F,Ing. Mecatrónica/Electrónica,10.0,9.0,Si,Si,,1,1,1,1,1,0,0,0, ,0
81,81.0,M,Ing. Mecánica,6.0,9.0,Si,Si,,3,1,3,3,1,0,0,0, ,0
82,82.0,F,Ing. Química,6.0,9.0,Si,Si,Si,1,5,1,1,1,0,0,0, ,0
83,83.0,F,Ing. Química,10.0,9.0,Si,Si,Si,3,1,5,1,1,0,0,6, ,0
84,84.0,F,Ing. Mecatrónica/Electrónica,10.0,9.0,Si,Si,Si,1,3,5,1,1,0,0,5, ,0
85,85.0,M,Ing. Nanotecnología,10.0,9.0,Si,Si,,0,0,0,0,0,0,0,0, ,0
86,86.0,F,Ing. Química,10.0,9.0,Si,Si,Si,5,5,3,1,1,1,0,6,1,0
87,87.0,M,Ing. Innovación y Desarrollo ,10.0,9.0,Si,Si,,1,1,3,1,3,0,0,0, ,0
88,88.0,M,Ing. Mecánica,9.0,9.0,Si,Si,Si,1,1,1,5,1,0,0,0, ,0
89,89.0,M,Economía/Finanzas,6.0,9.0,Si,Si,,0,0,0,0,0,0,0,0, ,0
90,90.0,M,Ing. Industrial,8.0,9.0,Si,Si,,1,3,3,1,5,0,0,0, ,0
91,91.0,M,Negocios Internacionales,8.0,9.0,Si,Si,Si,3,1,1,5,1,1,0,5,1,0
92,92.0,M,Economía/Finanzas,5.0,9.0,Si,Si,Si,1,5,1,3,1,0,0,0, ,0
93,93.0,M,Ing. Mecatrónica/Electrónica,10.0,9.0,Si,Si,,1,3,1,1,1,0,0,0, ,0
94,94.0,M,Ing. Nanotecnología,8.0,9.0,Si,Si,Si,1,5,1,3,1,1,0,3,1,0
95,95.0,M,Negocios Internacionales,7.0,9.0,Si,Si,,1,3,1,1,3,0,0,0, ,0
96,96.0,M,Ing. Industrial,10.0,9.0,Si,Si,Si,1,1,5,1,1,0,0,0, ,0
97,97.0,M,Ing. Mecatrónica/Electrónica,8.0,9.0,Si,Si,Si,3,5,1,5,1,0,0,0, ,0
98,98.0,M,Ing. Mecatrónica/Electrónica,10.0,9.0,Si,Si,Si,3,5,5,3,3,0,0,3, ,0
99,99.0,M,Ing. Industrial,10.0,9.0,Si,Si,Si,5,1,1,3,1,0,0,0, ,0
100,100.0,M,Ing. Industrial,6.0,9.0,Si,Si,Si,5,1,1,1,1,0,0,0, ,0
101,101.0,F,Administración,6.0,9.0,Si,Si,Si,5,3,1,5,5,0,0,0, ,0
102,102.0,F,Ing. Nanotecnología,8.0,9.0,Si,Si,,1,3,1,3,1,0,0,0, ,0
103,103.0,M,Ing. Mecatrónica/Electrónica,7.0,9.0,Si,Si,Si,5,3,5,3,5,1,1,4,2,1
104,104.0,M,Negocios Internacionales,8.0,9.0,Si,Si,Si,3,5,1,1,3,0,0,0, ,0
105,105.0,M,Ing. Desarrollo Sustentable,9.0,9.0,Si,Si,Si,1,5,3,1,5,0,0,0, ,0
106,106.0,F,Ing. Industrial,6.0,9.0,Si,Si,,0,0,0,0,0,0,0,0, ,0
107,107.0,M,Ing. Industrial,6.0,9.0,Si,Si,,0,0,0,0,0,0,0,0, ,0
108,108.0,F,Ing. Industrial,8.0,9.0,Si,Si,Si,1,5,1,1,5,0,0,2, ,0
109,109.0,M,Ing. Mecatrónica/Electrónica,6.0,9.0,Si,Si,Si,3,5,1,1,1,1,1,4,2,1
110,110.0,M,Ing. Innovación y Desarrollo,8.0,9.0,Si,Si,,1,1,1,1,1,0,0,0, ,0
111,111.0,M,Ing. Física,10.0,9.0,Si,Si,Si,5,1,1,1,1,0,0,0, ,0
112,112.0,M,Ing. Química,9.0,9.0,Si,Si,Si,5,5,1,3,1,0,0,2, ,0
113,113.0,M,Ing. Mecatrónica/Electrónica,8.0,9.0,Si,Si,,1,1,3,3,1,0,0,0, ,0
114,114.0,M,Ing. Química,10.0,9.0,Si,Si,Si,1,1,5,3,3,0,0,0, ,0
115,115.0,M,Ing. Biotecnología,6.0,9.0,Si,Si,,1,1,3,1,1,0,0,0, ,0
116,116.0,F,Ing. Desarrollo Sustentable,6.0,9.0,Si,Si,Si,5,1,1,1,5,0,0,4, ,0
117,117.0,M,Ing. Mecatrónica/Electrónica,8.0,9.0,Si,Si,,1,1,1,1,1,0,0,0, ,0
118,118.0,F,Administración,8.0,9.0,Si,Si,,1,1,1,1,1,0,0,0, ,0
119,119.0,F,Ing. Química,8.0,9.0,Si,Si,Si,5,5,1,5,5,0,0,4, ,0
120,120.0,F,Ing. Química,10.0,9.0,Si,Si,Si,1,1,1,5,3,0,0,5, ,0
121,121.0,F,Ing. Química,10.0,9.0,Si,Si,,1,1,3,1,5,0,0,0, ,0
122,122.0,F,Ing. Física,8.0,9.0,Si,Si,Si,5,5,5,3,1,1,0,4,1,0
123,123.0,M,Ing. Química,10.0,9.0,Si,Si,,1,3,1,1,3,0,0,0, ,0
124,124.0,M,Ing. Industrial,9.0,9.0,Si,Si,,1,1,1,1,1,0,0,0, ,0
125,125.0,M,Ing. Industrial,8.0,9.0,Si,Si,Si,1,5,1,5,5,0,0,0, ,0
126,126.0,M,Ing. Mecánica,5.0,9.0,Si,Si,Si,1,5,5,1,5,0,0,0, ,0
127,127.0,F,Ing. Industrial,10.0,9.0,Si,Si,Si,1,3,5,1,5,0,0,5, ,0
128,128.0,F,Negocios Internacionales,8.0,9.0,Si,Si,Si,3,1,1,5,1,0,0,0, ,0
129,129.0,F,Ing. Química,6.0,9.0,Si,Si,Si,5,1,1,1,5,0,0,0, ,0
130,130.0,F,Ing. Química,8.0,9.0,Si,Si,,3,1,3,1,5,0,0,0, ,0
131,131.0,F,Mercadotecnia,10.0,9.0,Si,Si,,0,0,0,0,0,0,0,0, ,0
132,132.0,F,Ing. Química,8.0,9.0,Si,Si,Si,5,1,5,1,1,0,0,5, ,0
133,133.0,F,Ing. Química,4.0,9.0,Si,Si,,0,0,0,0,0,0,0,0, ,0
134,134.0,F,Ing. Industrial,7.0,9.0,Si,Si,,0,0,0,0,0,0,0,0, ,0
135,135.0,M,Ing. Nanotecnología,8.0,9.0,Si,Si,,1,1,1,1,1,0,0,0, ,0
136,136.0,M,Ing. Industrial,6.0,9.0,Si,Si,Si,5,1,3,3,5,0,0,3, ,0
137,137.0,F,Ing. Nanotecnología,7.0,9.0,Si,Si,,1,3,1,1,3,0,0,0, ,0
138,138.0,M,Ing. Física,10.0,9.0,Si,Si,Si,5,5,1,1,3,0,0,4, ,0
139,139.0,M,Ing. Industrial,10.0,9.0,Si,Si,Si,5,3,1,3,1,0,0,0, ,0
140,140.0,M,Ing. Mecánica,8.0,9.0,Si,Si,Si,3,1,1,5,1,0,0,0, ,0
141,141.0,M,Ing. Química,8.0,9.0,Si,Si,,1,1,1,1,1,0,0,0, ,0
142,142.0,M,Ing. Química,8.0,9.0,Si,Si,Si,5,3,5,3,5,0,0,5, ,0
143,143.0,F,Economía/Finanzas,6.0,9.0,Si,Si,,0,0,0,0,0,0,0,0, ,0
144,144.0,M,Ing. Industrial,6.0,9.0,Si,Si,Si,3,5,1,1,1,0,0,0, ,0
145,145.0,M,Ing. Industrial,6.0,9.0,Si,Si,Si,1,5,1,1,1,0,0,0, ,0
146,146.0,M,Ing. Química,6.0,9.0,Si,Si,,1,1,1,1,1,0,0,0, ,0
147,147.0,M,Economía/Finanzas,9.0,9.0,Si,Si,,0,0,0,0,0,0,0,0, ,0
148,148.0,M,Ing. Mecánica,7.0,9.0,Si,Si,Si,3,5,1,3,3,0,0,6, ,0
149,149.0,M,Comunicación,7.0,9.0,Si,Si,,1,1,1,1,3,1,0,4, ,1
150,150.0,M,Ing. Industrial,10.0,9.0,Si,Si,,1,1,1,1,1,0,0,0, ,0
151,151.0,M,Ing. Industrial,6.0,9.0,Si,Si,,1,1,1,1,3,0,0,0, ,0
152,152.0,F,Ing. Química,10.0,9.0,Si,Si,Si,1,1,1,5,3,0,0,4, ,0
153,153.0,F,Ing. Mecatrónica/Electrónica,9.0,9.0,Si,Si,,0,0,0,0,0,0,0,0, ,0
154,154.0,M,Ing. Química,,,Si,Si,Si,5,5,1,5,1,1,0,5,1,0
155,155.0,F,Ing. Química,,,Si,Si,Si,1,5,1,5,1,1,1,4,2,1
156,156.0,M,Ing. Química,,,Si,Si,Si,5,5,5,3,1,0,0,5, ,0
157,157.0,M,Ing. Robótica y Sistemas Digitales,5.0,9.0,Si,Si,,3,1,1,1,1,0,0,0, ,0
158,158.0,M,Economía/Finanzas,6.0,9.0,Si,Si,Si,3,5,1,1,1,0,0,0, ,0
159,159.0,M,Ing. Industrial,6.0,10.0,Si,Si,,1,1,1,3,1,0,0,0, ,0
160,160.0,F,Ing. Industrial,6.0,10.0,Si,Si,,1,1,1,1,5,0,0,0, ,0
161,161.0,F,Ing. Química,6.0,10.0,Si,Si,Si,5,5,1,1,1,1,1,4,2,1
162,162.0,F,Ing. Química,8.0,10.0,Si,Si,Si,5,3,1,1,3,1,1,5,2,1
163,163.0,M,Ing. Industrial,6.0,10.0,Si,Si,,1,1,1,1,1,0,0,0, ,0
164,164.0,F,Ing. Química,8.0,10.0,Si,Si,,1,3,1,1,1,0,0,0, ,0
165,165.0,M,Ing. Industrial,8.0,10.0,Si,Si,,1,1,1,1,5,0,0,0, ,0
166,166.0,M,Ing. Química,5.0,10.0,Si,Si,,1,3,1,1,1,0,0,0, ,0
167,167.0,M,Ing. Química,5.0,10.0,Si,Si,,1,3,1,1,1,0,0,0, ,0
168,168.0,M,Ing. Química,8.0,10.0,Si,Si,,1,3,1,3,5,0,0,0, ,0
169,169.0,F,Ing. Industrial,6.0,10.0,Si,Si,Si,1,1,5,1,1,1,0,3,1,0
170,170.0,F,Ing. Industrial,10.0,10.0,Si,Si,,1,1,1,1,3,0,0,0, ,0
171,171.0,M,Ing. Industrial,7.0,10.0,Si,Si,,1,3,1,1,5,1,0,2,1,0
172,172.0,F,Ing. Química,6.0,10.0,Si,Si,,1,1,1,1,5,0,0,0, ,0
173,173.0,F,Ing. Industrial,8.0,10.0,Si,Si,,3,1,1,1,1,0,0,0, ,0
174,174.0,M,Ing. Química,7.0,10.0,Si,Si,,0,0,0,0,0,0,0,0, ,0
175,175.0,M,Ing. Química,9.0,10.0,Si,Si,Si,1,5,1,1,1,0,0,2, ,0
176,176.0,F,Ing. Industrial,8.0,10.0,Si,Si,Si,1,5,1,1,3,0,0,5, ,0
177,177.0,F,Ing. Industrial,6.0,10.0,Si,Si,Si,3,5,5,1,5,1,1,5,2,1
178,178.0,M,Ing. Química,9.0,10.0,Si,Si,,1,1,1,1,1,0,0,0, ,0
179,179.0,M,Ing. Industrial,6.0,10.0,Si,Si,,1,1,1,1,3,0,0,0, ,0
180,180.0,M,Ing. Química,6.0,10.0,Si,Si,,1,1,1,1,3,0,0,0, ,0
181,181.0,M,Ing. Industrial,6.0,10.0,Si,Si,,1,1,1,1,1,0,0,0, ,0
182,182.0,M,Ing. Química,7.0,10.0,Si,Si,Si,1,5,1,3,5,0,0,0, ,0
183,183.0,M,Ing. Industrial,4.0,10.0,Si,Si,,1,3,1,1,5,0,0,0, ,0
184,184.0,M,Ing. Química,5.0,10.0,Si,Si,,1,3,1,3,5,0,0,0, ,0
185,185.0,F,Ing. Química,5.0,10.0,Si,Si,Si,5,5,1,1,1,0,0,1, ,0
186,186.0,F,Ing. Química,8.0,10.0,Si,Si,Si,1,1,5,3,5,1,1,5,2,1
187,187.0,F,Ing. Química,6.0,10.0,Si,Si,,1,3,1,3,1,0,0,0, ,0
188,188.0,F,Ing. Industrial,6.0,10.0,Si,Si,Si,3,5,1,1,1,0,0,6, ,0
189,189.0,F,Ing. Industrial,5.0,10.0,Si,Si,Si,1,5,1,3,3,0,0,0, ,0
190,190.0,F,Ing. Química,6.0,10.0,Si,Si,Si,3,5,1,3,1,1,1,3,2,1
191,191.0,F,Ing. Industrial,7.0,10.0,Si,Si,,1,1,1,1,1,0,0,0, ,0
192,192.0,M,Ing. Química,8.0,10.0,Si,Si,,1,1,1,3,3,0,0,0, ,0
193,193.0,F,Ing. Ambiental,6.0,10.0,Si,Si,Si,1,1,5,1,1,0,0,2, ,0
194,194.0,F,Ing. Química,6.0,10.0,Si,Si,Si,1,5,1,5,1,0,0,0, ,0
195,195.0,M,Ing. Química,8.0,10.0,Si,Si,,1,1,1,3,3,0,0,0, ,0
196,196.0,M,Ing. Industrial,5.0,10.0,Si,Si,,1,3,1,1,5,0,0,0, ,0
197,197.0,M,Ing. Química,8.0,10.0,Si,Si,,1,3,1,1,5,0,0,0, ,0
198,198.0,F,Ing. Industrial,10.0,10.0,Si,Si,,0,0,0,0,0,0,0,0, ,0
199,199.0,F,Ing. Química,7.0,10.0,Si,Si,Si,1,5,1,1,3,1,0,4,1,0
200,200.0,F,Ing. Industrial,9.0,10.0,Si,Si,,1,1,1,1,1,0,0,0, ,0
201,201.0,M,Ing. Industrial,8.0,10.0,Si,Si,,0,0,0,0,0,0,0,0, ,0
202,202.0,M,Ing. Industrial,7.0,10.0,Si,Si,Si,1,5,1,1,5,0,0,2, ,0
203,203.0,M,Negocios Internacionales,8.0,,Si,Si,Si,1,5,3,1,3,0,0,0, ,0
204,204.0,F,Economía/Finanzas,8.0,9.0,Si,Si,Si,1,5,1,1,5,1,1,5,2,1
205,205.0,F,Ing. Química,8.0,9.0,Si,Si,Si,1,5,1,1,3,0,0,0, ,0
206,206.0,M,Ing. Química,8.0,9.0,Si,Si,,1,1,1,1,5,0,0,0, ,0
207,207.0,M,Negocios Internacionales,5.0,9.0,Si,Si,,1,1,1,1,5,0,0,0, ,0
208,208.0,M,Ing. Desarrollo Sustentable,9.0,9.0,Si,Si,Si,1,5,1,1,1,0,0,0, ,0
209,209.0,M,Ing. Mecánica,8.0,10.0,Si,Si,,0,0,0,0,0,0,0,0, ,0
210,210.0,M,Ing. Mecatrónica/Electrónica,8.0,10.0,Si,Si,,3,3,1,3,1,0,0,0, ,0
211,211.0,M,Ing. Mecatrónica/Electrónica,6.0,10.0,Si,Si,Si,1,1,5,1,1,0,0,0, ,0
212,212.0,M,Ing. Mecánica,7.0,10.0,Si,Si,Si,3,5,1,1,1,0,0,0, ,0
213,213.0,M,Ing. Mecánica,7.0,10.0,Si,Si,Si,1,5,1,3,1,0,0,3, ,0
214,214.0,M,Ing. Mecatrónica/Electrónica,8.0,10.0,Si,Si,Si,5,5,1,3,1,0,0,0, ,0
215,215.0,M,Ing. Mecatrónica/Electrónica,9.0,10.0,Si,Si,,3,3,1,3,1,0,0,0, ,0
216,216.0,F,Ing. Mecatrónica/Electrónica,10.0,10.0,Si,Si,Si,5,5,1,1,3,0,0,4, ,0
217,217.0,M,Ing. Mecatrónica/Electrónica,7.0,10.0,Si,Si,,1,1,1,1,1,0,0,0, ,0
218,218.0,M,Ing. Mecánica,9.0,10.0,Si,Si,,1,1,1,1,1,0,0,0, ,0
219,219.0,M,Ing. Mecánica,9.0,10.0,Si,Si,Si,1,1,5,1,1,0,0,0, ,0
220,220.0,M,Ing. Mecatrónica/Electrónica,10.0,10.0,Si,Si,Si,5,3,5,3,1,0,0,1, ,0
221,221.0,F,Ing. Mecatrónica/Electrónica,6.0,10.0,Si,Si,Si,3,5,3,3,5,0,0,1, ,0
222,222.0,M,Ing. Mecatrónica/Electrónica,9.0,10.0,Si,Si,,0,0,0,0,0,0,0,0, ,0
223,223.0,M,Ing. Mecatrónica/Electrónica,6.0,10.0,Si,Si,,0,0,0,0,0,0,0,0, ,0
224,224.0,M,Ing. Mecánica,10.0,10.0,Si,Si,Si,1,5,5,5,3,0,0,0, ,0
225,225.0,F,Ing. Tecnologías Computacionales,7.0,10.0,Si,Si,Si,1,5,1,3,1,1,1,4,2,1
226,226.0,F,Ing. Mecánica,9.0,10.0,Si,Si,Si,1,5,1,1,1,0,0,0, ,0
227,227.0,F,Ing. Tecnologías Computacionales,8.0,10.0,Si,Si,,1,1,1,1,3,0,0,0, ,0
228,228.0,F,Ing. Materiales,6.0,10.0,Si,Si,Si,1,5,1,1,1,0,0,0, ,0
229,229.0,M,Ing. Mecánica,5.0,10.0,Si,Si,Si,1,5,1,5,1,0,0,2, ,0
230,230.0,M,Ing. Tecnologías Computacionales,9.0,10.0,Si,Si,Si,1,5,1,1,5,0,0,0, ,0
231,231.0,M,Ing. Física,8.0,10.0,Si,Si,,1,1,1,1,1,0,0,0, ,0
232,232.0,M,Ing. Mecatrónica/Electrónica,10.0,10.0,Si,Si,,1,3,1,1,1,0,0,0, ,0
233,233.0,M,Ing. Materiales,10.0,10.0,Si,Si,Si,5,1,1,1,1,0,0,0, ,0
234,234.0,M,Ing. Mecatrónica/Electrónica,8.0,10.0,Si,Si,Si,1,5,3,1,1,0,0,0, ,0
235,235.0,M,Ing. Mecánica,7.0,10.0,Si,Si,Si,1,3,5,5,1,0,0,0, ,0
236,236.0,M,Ing. Mecánica,8.0,10.0,Si,Si,Si,5,3,1,3,5,0,0,0, ,0
237,237.0,F,Ing. Mecánica,6.0,10.0,Si,Si,,1,3,1,1,1,0,0,0, ,0
238,238.0,M,Ing. Mecánica,5.0,10.0,Si,Si,,3,1,1,1,1,0,0,0, ,0
239,239.0,M,Ing. Mecatrónica/Electrónica,8.0,10.0,Si,Si,Si,1,5,1,1,3,0,0,0, ,0
240,240.0,M,Ing. Mecánica,7.0,10.0,Si,Si,Si,3,5,1,5,1,0,0,2, ,0
241,241.0,M,Ing. Mecánica,8.0,10.0,Si,Si,Si,1,1,5,1,1,0,0,0, ,0
242,242.0,M,Ing. Tecnologías Computacionales,8.0,10.0,Si,Si,,1,1,1,1,1,0,0,0, ,0
243,243.0,F,Ing. Mecatrónica/Electrónica,7.0,10.0,Si,Si,Si,5,5,1,5,5,0,0,2, ,0
244,244.0,F,Ing. Tecnologías Computacionales,8.0,10.0,Si,Si,,1,1,1,1,1,0,0,0, ,0
245,245.0,M,Ing. Mecatrónica/Electrónica,4.0,10.0,Si,Si,Si,1,1,3,5,3,0,0,0, ,0
246,246.0,F,Ing. Mecatrónica/Electrónica,6.0,10.0,Si,Si,Si,1,5,3,3,1,0,0,0, ,0
247,247.0,M,Ing. Mecatrónica/Electrónica,10.0,10.0,Si,Si,Si,5,5,1,1,1,0,0,0, ,0
248,248.0,M,Ing. Mecánica,7.0,10.0,Si,Si,Si,1,5,1,1,1,0,0,0, ,0
249,249.0,M,Ing. Mecánica,8.0,10.0,Si,Si,,1,1,1,1,1,0,0,0, ,0
250,250.0,M,Ing. Mecatrónica/Electrónica,9.0,10.0,Si,Si,,1,3,1,1,1,0,0,0, ,0
251,251.0,F,Ing. Mecánica,8.0,10.0,Si,Si,,1,1,1,1,1,0,0,0, ,0
252,252.0,F,Ing. Mecánica,7.0,10.0,Si,Si,,1,3,1,1,5,0,0,0, ,0
253,253.0,F,Ing. Materiales,4.0,10.0,Si,Si,Si,1,5,1,1,3,0,0,0, ,0
254,254.0,F,Ing. Tecnologías Computacionales,7.0,10.0,Si,Si,Si,1,1,5,5,1,0,0,3, ,0
255,255.0,F,Ing. Mecánica,4.0,10.0,Si,Si,,1,1,1,3,1,0,0,0, ,0
256,256.0,M,Ing. Mecatrónica/Electrónica,6.0,10.0,Si,Si,Si,5,5,1,1,1,0,0,0, ,0
257,257.0,F,Ing. Mecatrónica/Electrónica,8.0,10.0,Si,Si,Si,1,5,1,3,5,0,0,0, ,0
258,258.0,M,Ing. Mecatrónica/Electrónica,10.0,10.0,Si,Si,Si,5,1,3,1,1,0,0,0, ,0
259,259.0,M,Ing. Mecatrónica/Electrónica,8.0,10.0,Si,Si,,1,1,1,1,1,1,0,2,1,0
260,260.0,M,Ing. Mecatrónica/Electrónica,8.0,10.0,Si,Si,,1,3,1,1,3,0,0,0, ,0
261,261.0,M,Ing. Mecánica,8.0,10.0,Si,Si,Si,1,5,1,1,1,0,0,0, ,0
262,262.0,M,Ing. Materiales,8.0,10.0,Si,Si,Si,1,5,5,1,1,0,0,0, ,0
263,263.0,M,Ing. Mecatrónica/Electrónica,8.0,10.0,Si,Si,,1,3,1,1,1,0,0,0, ,0
264,264.0,F,Ing. Tecnologías Computacionales,8.0,10.0,Si,Si,Si,5,1,1,1,1,1,1,6,2,1
265,265.0,M,Ing. Mecatrónica/Electrónica,10.0,10.0,Si,Si,,1,1,1,1,1,0,0,0, ,0
266,266.0,M,Ing. Mecatrónica/Electrónica,9.0,10.0,Si,Si,,1,1,1,1,1,0,0,0, ,0
267,267.0,F,Ing. Mecánica,7.0,10.0,Si,Si,,0,0,0,0,0,0,0,0, ,0
268,268.0,M,Ing. Mecánica,8.0,10.0,Si,Si,,0,0,0,0,0,0,0,0, ,0
269,269.0,M,Ing. Mecatrónica/Electrónica,7.0,10.0,Si,Si,,1,3,1,1,1,0,0,0, ,0
270,270.0,M,Ing. Mecatrónica/Electrónica,8.0,10.0,Si,Si,,1,1,1,1,1,0,0,0, ,0
271,271.0,M,Ing. Materiales,9.0,10.0,Si,Si,,0,0,0,0,0,0,0,0, ,0
272,272.0,M,Ing. Materiales,9.0,10.0,Si,Si,,1,3,1,1,1,0,0,0, ,0
273,273.0,M,Ing. Mecatrónica/Electrónica,8.0,10.0,Si,Si,,1,1,1,3,1,0,0,0, ,0
274,274.0,M,Ing. Mecatrónica/Electrónica,9.0,10.0,Si,Si,Si,1,5,1,1,5,0,0,0, ,0
275,275.0,M,Ing. Tecnologías Computacionales,6.0,10.0,Si,Si,,1,1,1,1,1,0,0,0, ,0
276,276.0,F,Ing. Mecánica,7.0,10.0,Si,Si,,1,1,3,1,5,0,0,0, ,0
277,277.0,F,Ing. Mecánica,7.0,10.0,Si,Si,,1,1,1,1,1,0,0,0, ,0
278,278.0,F,Ing. Materiales,6.0,10.0,Si,Si,,1,1,1,1,1,0,0,0, ,0
279,279.0,M,Ing. Mecatrónica/Electrónica,9.0,10.0,Si,Si,Si,3,1,1,5,5,1,1,4,2,1
280,280.0,M,Ing. Mecatrónica/Electrónica,6.0,10.0,Si,Si,,0,0,0,0,0,0,0,0, ,0
281,281.0,M,Ing. Mecatrónica/Electrónica,9.0,10.0,Si,Si,,0,0,0,0,0,0,0,0, ,0
282,282.0,F,Ing. Tecnologías Computacionales,10.0,10.0,Si,Si,Si,1,5,1,3,3,0,0,0, ,0
283,283.0,F,Ing. Manufactura,10.0,10.0,Si,Si,Si,3,1,3,5,1,0,0,0, ,0
284,284.0,M,Ing. Mecatrónica/Electrónica,8.0,10.0,Si,Si,,1,1,3,1,3,0,0,0, ,0
285,285.0,F,Ing. Tecnologías Computacionales,8.0,10.0,Si,Si,,1,1,1,1,1,0,0,0, ,0
286,286.0,M,Ing. Mecatrónica/Electrónica,9.0,10.0,Si,Si,,0,0,0,0,0,0,0,0, ,0
287,287.0,M,Ing. Mecánica,10.0,10.0,Si,Si,,0,0,0,0,0,0,0,0, ,0
288,288.0,M,Ing. Mecánica,9.0,10.0,Si,Si,,3,1,1,1,3,0,0,0, ,0
289,289.0,M,Ing. Mecatrónica/Electrónica,9.0,10.0,Si,Si,Si,1,3,5,3,1,0,0,0, ,0
290,290.0,M,Ing. Mecatrónica/Electrónica,8.0,10.0,Si,Si,Si,1,1,5,5,5,0,0,0, ,0
291,291.0,F,Ing. Mecánica,6.0,10.0,Si,Si,,1,1,1,3,1,0,0,0, ,0
292,292.0,M,Ing. Física,8.0,10.0,Si,Si,,1,1,1,1,1,0,0,0, ,0
293,293.0,F,Ing. Manufactura,7.0,10.0,Si,Si,,1,1,1,1,1,0,0,0, ,0
294,294.0,M,Ing. Mecánica,8.0,10.0,Si,Si,,0,0,0,0,0,0,0,0, ,0
295,295.0,M,Ing. Mecánica,7.0,10.0,Si,Si,Si,5,1,3,3,1,0,0,1, ,0
296,296.0,M,Ing. Mecatrónica/Electrónica,8.0,10.0,Si,Si,Si,5,3,5,1,1,0,0,0, ,0
297,297.0,M,Ing. Mecatrónica/Electrónica,9.0,10.0,Si,Si,,1,1,1,1,1,0,0,0, ,0
298,298.0,F,Ing. Tecnologías Computacionales,7.0,10.0,Si,Si,Si,3,1,5,1,1,0,0,0, ,0
299,299.0,M,Ing. Mecatrónica/Electrónica,8.0,10.0,Si,Si,,3,1,1,3,1,0,0,0, ,0
300,300.0,F,Ing. Tecnologías Computacionales,7.0,10.0,Si,Si,,1,1,1,1,1,0,0,0, ,0
301,301.0,M,Ing. Mecánica,10.0,10.0,Si,Si,,0,0,0,0,0,0,0,0, ,0
302,302.0,M,Ing. Mecatrónica/Electrónica,8.0,10.0,Si,Si,,3,1,1,3,1,0,0,0, ,0
303,303.0,F,Ing. Mecatrónica/Electrónica,8.0,10.0,Si,Si,Si,3,5,1,1,1,1,1,0,2,1
304,304.0,M,Ing. Mecánica,7.0,10.0,Si,Si,Si,5,3,1,1,1,0,0,0, ,0
305,305.0,M,Ing. Tecnologías Computacionales,9.0,10.0,Si,Si,,1,3,1,1,1,0,0,0, ,0
306,306.0,M,Ing. Mecánica,14.0,10.0,Si,Si,Si,1,5,5,3,3,0,0,0, ,0
307,307.0,M,Ing. Materiales,8.0,10.0,Si,Si,Si,5,5,1,5,5,0,0,0, ,0
308,308.0,M,Ing. Mecánica,6.0,10.0,Si,Si,Si,5,1,1,1,3,0,0,0, ,0
309,309.0,M,Ing. Mecatrónica/Electrónica,8.0,10.0,Si,Si,,0,0,0,0,0,0,0,0, ,0
310,310.0,M,Ing. Mecatrónica/Electrónica,8.0,10.0,Si,Si,,1,1,3,1,1,0,0,0, ,0
311,311.0,M,Ing. Mecatrónica/Electrónica,9.0,10.0,Si,Si,,1,1,1,1,1,0,0,0, ,0
312,312.0,M,Ing. Mecánica,10.0,10.0,Si,Si,Si,3,3,5,3,1,0,0,0, ,0
313,313.0,F,Ing. Mecánica,6.0,10.0,Si,Si,,1,3,1,1,5,0,0,0, ,0
314,314.0,M,Ing. Mecatrónica/Electrónica,9.0,10.0,Si,Si,,1,1,1,3,1,0,0,0, ,0
315,315.0,M,Ing. Mecánica,9.0,10.0,Si,Si,,1,1,1,1,1,0,0,0, ,0
316,316.0,M,Ing. Mecatrónica/Electrónica,9.0,10.0,Si,Si,,1,1,1,1,3,0,0,0, ,0
317,317.0,M,Ing. Mecatrónica/Electrónica,8.0,10.0,Si,Si,,1,3,1,1,1,0,0,0, ,0
318,318.0,M,Ing. Mecánica,9.0,10.0,Si,Si,,1,3,1,1,1,0,0,0, ,0
319,319.0,M,Ing. Manufactura,10.0,10.0,Si,Si,Si,5,5,5,5,5,0,0,1, ,0
320,320.0,M,Ing. Mecatrónica/Electrónica,8.0,10.0,Si,Si,Si,5,5,5,3,1,0,0,0, ,0
321,321.0,M,Ing. Mecatrónica/Electrónica,8.0,10.0,Si,Si,,1,3,1,1,1,0,0,0, ,0
322,322.0,M,Ing. Materiales,7.0,10.0,Si,Si,Si,5,1,1,5,1,0,0,0, ,0
323,323.0,M,Ing. Mecatrónica/Electrónica,9.0,10.0,Si,Si,,0,0,0,0,0,0,0,0, ,0
324,324.0,M,Ing. Mecatrónica/Electrónica,8.0,10.0,Si,Si,Si,5,5,1,1,1,0,0,1, ,0
325,325.0,M,Ing. Mecatrónica/Electrónica,10.0,10.0,Si,Si,Si,1,1,5,5,3,0,0,2, ,0
326,326.0,M,Ing. Mecánica,8.0,10.0,Si,Si,,0,0,0,0,0,0,0,0, ,0
327,327.0,M,Ing. Mecatrónica/Electrónica,10.0,10.0,Si,Si,Si,1,5,1,1,1,0,0,0, ,0
328,328.0,M,Ing. Mecatrónica/Electrónica,6.0,10.0,Si,Si,,3,1,1,1,1,0,0,0, ,0
329,329.0,M,Ing. Mecánica,7.0,10.0,Si,Si,,0,0,0,0,0,0,0,0, ,0
330,330.0,M,Ing. Mecatrónica/Electrónica,6.0,10.0,Si,Si,Si,5,1,1,1,1,0,0,1, ,0
331,331.0,M,Ing. Tecnologías Computacionales,8.0,10.0,Si,Si,,1,1,1,1,1,0,0,0, ,0
332,332.0,M,Ing. Mecánica,9.0,10.0,Si,Si,Si,1,5,3,1,1,0,0,2, ,0
333,333.0,M,Ing. Mecánica,9.0,10.0,Si,Si,,1,1,1,1,1,0,0,0, ,0
334,334.0,M,Ing. Mecánica,6.0,10.0,Si,Si,,0,0,0,0,0,0,0,0, ,0
335,335.0,F,Ing. Mecatrónica/Electrónica,8.0,10.0,Si,Si,,3,1,1,1,1,0,0,0, ,0
336,336.0,F,Ing. Materiales,8.0,10.0,Si,Si,,1,3,1,1,1,0,0,0, ,0
337,337.0,F,Ing. Mecánica,6.0,10.0,Si,Si,Si,1,5,1,1,1,0,0,0, ,0
338,338.0,F,Ing. Mecánica,7.0,10.0,Si,Si,,0,0,0,0,0,0,0,0, ,0
339,339.0,F,Ing. Mecatrónica/Electrónica,8.0,10.0,Si,Si,,1,1,1,3,3,0,0,0, ,0
340,340.0,F,Ing. Materiales,6.0,10.0,Si,Si,Si,1,3,1,5,3,0,0,2, ,0
341,341.0,M,Ing. Mecánica,9.0,10.0,Si,Si,Si,5,1,1,1,5,0,0,0, ,0
342,342.0,M,Ing. Mecatrónica/Electrónica,8.0,10.0,Si,Si,,1,1,1,1,3,0,0,0, ,0
343,343.0,F,Ing. Mecánica,10.0,10.0,Si,Si,,1,3,1,1,3,0,0,0, ,0
344,344.0,F,Ing. Materiales,6.0,10.0,Si,Si,Si,5,5,3,1,5,1,1,5,2,1
345,345.0,F,Ing. Mecatrónica/Electrónica,7.0,10.0,Si,Si,Si,1,1,5,1,1,1,0,3,1,0
346,346.0,F,Ing. Mecánica,8.0,10.0,Si,Si,Si,1,1,1,5,5,0,0,0, ,0
347,347.0,F,Ing. Tecnologías Computacionales,8.0,10.0,Si,Si,,1,1,1,1,1,0,0,0, ,0
348,348.0,M,Ing. Mecánica,10.0,10.0,Si,Si,,0,0,0,0,0,0,0,0, ,0
349,349.0,M,Ing. Mecatrónica/Electrónica,7.0,10.0,Si,Si,,1,1,1,1,1,0,0,0, ,0
350,350.0,M,Ing. Mecatrónica/Electrónica,9.0,10.0,Si,Si,,1,1,3,1,1,0,0,0, ,0
351,351.0,M,Ing. Manufactura,8.0,10.0,Si,Si,,1,1,1,1,3,0,0,0, ,0
352,352.0,F,Ing. Mecánica,7.0,10.0,Si,Si,Si,1,5,1,1,1,0,0,0, ,0
353,353.0,M,Ing. Mecatrónica/Electrónica,8.0,10.0,Si,Si,,1,3,1,1,3,0,0,0, ,0
354,354.0,M,Ing. Mecatrónica/Electrónica,10.0,10.0,Si,Si,,1,1,1,1,3,0,0,0, ,0
355,355.0,M,Ing. Materiales,6.0,10.0,Si,Si,,1,3,1,3,1,0,0,0, ,0
356,356.0,M,Ing. Mecánica,9.0,10.0,Si,Si,Si,3,5,1,5,3,0,0,0, ,0
357,357.0,M,Ing. Mecatrónica/Electrónica,10.0,10.0,Si,Si,,0,0,0,0,0,0,0,0, ,0
358,358.0,M,Ing. Aeronáutica,8.0,10.0,Si,Si,Si,5,5,1,1,3,0,0,0, ,0
359,359.0,M,Ing. Materiales,10.0,10.0,Si,Si,,1,1,1,1,1,0,0,0, ,0
360,360.0,M,Ing. Mecánica,10.0,10.0,Si,Si,,0,0,0,0,0,0,0,0, ,0
361,361.0,M,Ing. Mecatrónica/Electrónica,8.0,10.0,Si,Si,Si,1,5,1,1,3,0,0,2, ,0
362,362.0,F,Ing. Tecnologías Computacionales,10.0,10.0,Si,Si,,1,3,1,1,3,0,0,0, ,0
363,363.0,M,Ing. Mecánica,7.0,10.0,Si,Si,Si,5,5,3,1,3,1,1,3,2,1
364,364.0,M,Ing. Materiales,8.0,10.0,Si,Si,Si,1,5,1,1,3,0,0,3, ,0
365,365.0,F,Ing. Materiales,10.0,10.0,Si,Si,Si,3,5,5,3,5,0,0,0, ,0
366,366.0,F,Ing. Mecánica,10.0,10.0,Si,Si,,1,3,1,1,3,0,0,0, ,0
367,367.0,M,Ing. Mecánica,6.0,10.0,Si,Si,Si,1,5,1,1,5,0,0,0, ,0
368,368.0,M,Ing. Mecatrónica/Electrónica,10.0,10.0,Si,Si,Si,3,1,5,3,5,0,0,0, ,0
369,369.0,M,Ing. Mecánica,6.0,10.0,Si,Si,,3,1,1,1,1,0,0,0, ,0
370,370.0,M,Ing. Materiales,10.0,10.0,Si,Si,Si,1,1,1,5,1,0,0,1, ,0
371,371.0,F,Ing. Materiales,5.0,10.0,Si,Si,,1,1,1,3,5,0,0,0, ,0
372,372.0,M,Ing. Aeronáutica,8.0,10.0,Si,Si,Si,3,5,3,5,1,0,0,2, ,0
373,373.0,M,Ing. Mecatrónica/Electrónica,8.0,10.0,Si,Si,,3,1,1,1,1,0,0,0, ,0
374,374.0,M,Ing. Mecatrónica/Electrónica,8.0,10.0,Si,Si,,0,0,0,0,0,0,0,0, ,0
375,375.0,M,Ing. Mecánica,5.0,10.0,Si,Si,,1,3,1,1,5,0,0,0, ,0
376,376.0,M,Ing. Mecánica,6.0,10.0,Si,Si,,0,0,0,0,0,0,0,0, ,0
377,377.0,F,Ing. Mecánica,6.0,10.0,Si,Si,,1,1,1,1,1,0,0,0, ,0
378,378.0,F,Ing. Materiales,6.0,10.0,Si,Si,,3,1,1,1,1,0,0,0, ,0
379,379.0,M,Ing. Mecánica,9.0,10.0,Si,Si,,1,1,1,1,3,0,0,0, ,0
380,380.0,M,Ing. Mecánica,9.0,10.0,Si,Si,,1,1,1,1,1,0,0,0, ,0
381,381.0,M,Ing. Materiales,9.0,10.0,Si,Si,Si,5,3,1,1,5,1,1,4,2,1
382,382.0,M,Ing. Materiales,10.0,10.0,Si,Si,Si,5,1,1,1,3,0,0,0, ,0
383,383.0,M,Ing. Mecánica,6.0,10.0,Si,Si,,0,0,0,0,0,0,0,0, ,0
384,384.0,M,Ing. Mecatrónica/Electrónica,10.0,10.0,Si,Si,,0,0,0,0,0,0,0,0, ,0
385,385.0,M,Ing. Mecatrónica/Electrónica,8.0,10.0,Si,Si,,0,0,0,0,0,0,0,0, ,0
386,386.0,M,Ing. Mecánica,9.0,10.0,Si,Si,,1,1,1,1,1,0,0,0, ,0
387,387.0,M,Ing. Mecatrónica/Electrónica,8.0,10.0,Si,Si,Si,5,5,1,1,1,0,0,2, ,0
388,388.0,F,Ing. Materiales,8.0,10.0,Si,Si,,1,1,1,1,1,0,0,0, ,0
389,389.0,M,Ing. Mecatrónica/Electrónica,10.0,10.0,Si,Si,,1,3,1,1,1,1,0,1,1,1
390,390.0,M,Ing. Materiales,8.0,10.0,Si,Si,,1,3,1,1,1,0,0,0, ,0
391,391.0,M,Ing. Mecánica,6.0,10.0,Si,Si,,0,0,0,0,0,0,0,0, ,0
392,392.0,F,Ing. Mecánica,8.0,10.0,Si,Si,,1,3,3,1,1,0,0,0, ,0
393,393.0,M,Ing. Tecnologías Computacionales,8.0,10.0,Si,Si,,1,3,1,1,5,0,0,0, ,0
394,394.0,M,Ing. Mecánica,8.0,10.0,Si,Si,,1,1,1,1,1,0,0,0, ,0
395,395.0,M,Ing. Mecánica,6.0,10.0,Si,Si,Si,5,5,3,1,3,0,0,2, ,0
396,396.0,M,Ing. Mecatrónica/Electrónica,8.0,10.0,Si,Si,,1,1,1,3,1,0,0,0, ,0
397,397.0,M,Ing. Mecatrónica/Electrónica,8.0,10.0,Si,Si,,1,1,1,3,5,0,0,0, ,0
398,398.0,M,Ing. Mecánica,10.0,10.0,Si,Si,,1,1,1,1,1,0,0,0, ,0
399,399.0,M,Ing. Mecánica,7.0,10.0,Si,Si,,0,0,0,0,0,0,0,0, ,0
400,400.0,F,Ing. Mecánica,6.0,10.0,Si,Si,,0,0,0,0,0,0,0,0, ,0
401,401.0,F,Ing. Mecatrónica/Electrónica,8.0,10.0,Si,Si,,3,3,1,3,5,0,0,0, ,0
402,402.0,F,Ing. Mecánica,8.0,10.0,Si,Si,,0,0,0,0,0,0,0,0, ,0
403,403.0,M,Ing. Mecatrónica/Electrónica,6.0,10.0,Si,Si,Si,1,3,5,5,1,0,0,0, ,0
404,404.0,M,Ing. Mecatrónica/Electrónica,8.0,10.0,Si,Si,,1,1,1,1,1,0,0,0, ,0
405,405.0,M,Ing. Manufactura,10.0,10.0,Si,Si,Si,1,5,1,3,5,0,0,0, ,0
406,406.0,M,Ing. Mecánica,10.0,10.0,Si,Si,,1,1,1,1,1,0,0,0, ,0
407,407.0,F,Ing. Mecánica,9.0,10.0,Si,Si,Si,1,5,1,1,1,0,0,0, ,0
408,408.0,M,Ing. Materiales,6.0,10.0,Si,Si,Si,5,1,1,1,5,0,0,0, ,0
409,409.0,M,Ing. Mecánica,9.0,10.0,Si,Si,,1,1,1,1,1,0,0,0, ,0
410,410.0,M,Ing. Mecatrónica/Electrónica,9.0,10.0,Si,Si,Si,1,1,3,5,1,0,0,2, ,0
411,411.0,F,Ing. Mecánica,7.0,10.0,Si,Si,Si,1,5,1,3,1,0,0,0, ,0
412,412.0,M,Ing. Mecánica,8.0,10.0,Si,Si,Si,5,1,1,5,1,0,0,2, ,0
413,413.0,M,Ing. Mecatrónica/Electrónica,7.0,10.0,Si,Si,,0,0,0,0,0,0,0,0, ,0
414,414.0,F,Ing. Industrial,,,Si,Si,,0,0,0,0,0,0,0,0, ,0
415,415.0,M,Ing. Mecánica,14.0,,Si,Si,Si,5,5,1,5,5,0,0,6, ,0
416,416.0,M,Ing. Mecatrónica/Electrónica,,,Si,Si,,1,3,1,3,1,0,0,0, ,0
417,417.0,M,Ing. Industrial,,,Si,Si,Si,5,1,5,1,1,0,0,1, ,0
418,418.0,M,Ing. Mecánica,,,Si,Si,Si,1,5,1,1,1,0,0,0, ,0
419,419.0,M,Ing. Industrial,,,Si,Si,Si,5,5,1,1,5,0,0,0, ,0
420,420.0,F,Ing. Mecánica,,,Si,Si,Si,5,5,3,5,1,0,0,4, ,0
421,421.0,F,Ing. Minas,8.0,9.0,Si,Si,,1,3,1,1,1,0,0,0, ,0
422,422.0,M,Ing. Minas,6.0,9.0,Si,Si,,1,3,1,1,1,0,0,0, ,0
423,423.0,M,Ing. Minas,7.0,9.0,Si,Si,,3,3,1,1,1,0,0,0, ,0
424,424.0,F,Ing. Mecatrónica/Electrónica,6.0,10.0,Si,Si,,1,1,1,1,1,0,0,0, ,0
425,425.0,F,Ing. Bioquímica,6.0,10.0,Si,Si,,1,1,1,1,1,0,0,0, ,0
426,426.0,F,Ing. Industrial,8.0,10.0,Si,Si,,1,1,1,1,1,0,0,0, ,0
427,427.0,M,Ing. Industrial,8.0,10.0,Si,Si,,1,1,1,1,1,0,0,0, ,0
428,428.0,M,Ing. Gestión Empresarial,6.0,10.0,Si,Si,,1,1,1,3,3,0,0,0, ,0
429,429.0,F,Ing. Gestión Empresarial,6.0,10.0,Si,Si,,1,1,1,1,1,0,0,0, ,0
430,430.0,M,Administración ,8.0,10.0,Si,Si,,0,0,0,0,0,0,0,0, ,0
431,431.0,M,Ing. Gestión Empresarial,8.0,10.0,Si,Si,,1,1,1,1,1,0,0,0, ,0
432,432.0,M,Tecnologías Computacionales,8.0,10.0,Si,Si,,1,3,1,1,1,0,0,0, ,0
433,433.0,M,Ing. Industrial,10.0,10.0,Si,Si,Si,1,5,1,5,5,0,0,1, ,0
434,434.0,M,Ing. Mecatrónica/Electrónica,8.0,10.0,Si,Si,Si,1,1,5,1,1,0,0,0, ,0
435,435.0,F,Ing. Industrial,6.0,10.0,Si,Si,Si,1,5,1,1,5,0,0,3, ,0
436,436.0,F,Ing. Gestión Empresarial,8.0,10.0,Si,Si,,1,1,1,3,3,0,0,0, ,0
437,437.0,F,Ing. Gestión Empresarial,8.0,10.0,Si,Si,,0,0,0,0,0,0,0,0, ,0
438,438.0,M,Ing. Química,8.0,,Si,Si,,3,1,1,1,1,0,0,0, ,0
439,439.0,M,Ing. Mecánica,8.0,,Si,Si,,1,1,1,3,3,0,0,0, ,0
440,440.0,F,Ing. Química,8.0,,Si,Si,,1,1,1,1,3,0,0,0, ,0
441,441.0,M,Ing. Mecánica,8.0,,Si,Si,,1,1,1,1,1,0,0,0, ,0
442,442.0,M,Ing. Química,14.0,,Si,Si,Si,5,5,1,1,1,0,0,0, ,0
443,443.0,F,Ing. Química,14.0,,Si,Si,Si,1,1,5,1,3,0,0,2, ,0
444,444.0,M,Ing. Mecánica,6.0,,Si,Si,,3,3,1,1,1,0,0,0, ,0
445,445.0,M,Ing. Química,8.0,,Si,Si,Si,1,5,1,1,3,0,0,0, ,0
446,446.0,M,Ing. Química,8.0,,Si,Si,Si,5,1,1,1,3,0,0,0, ,0
447,447.0,M,Ing. Mecánica,14.0,,Si,Si,Si,1,3,5,1,1,0,0,3, ,0
448,448.0,M,Ing. Mecatrónica/Electrónica,8.0,,Si,Si,Si,1,1,1,5,1,0,0,0, ,0
449,449.0,M,Ing. Mecánica,6.0,,Si,Si,,1,1,1,3,1,0,0,0, ,0
450,450.0,M,Ing. Mecatrónica/Electrónica,8.0,,Si,Si,,0,0,0,0,0,0,0,0, ,0
451,451.0,M,Ing. Mecatrónica/Electrónica,8.0,,Si,Si,,1,1,1,1,1,0,0,0, ,0
452,452.0,F,Ing. Mecatrónica/Electrónica,8.0,,Si,Si,,1,1,3,3,1,0,0,0, ,0
453,453.0,M,Ing. Mecatrónica/Electrónica,8.0,,Si,Si,,0,0,0,0,0,0,0,0, ,0
454,454.0,M,Ing. Industrial,7.0,,Si,Si,,1,1,1,1,1,0,0,0, ,0
455,455.0,M,Ing. Industrial,8.0,,Si,Si,,0,0,0,0,0,0,0,0, ,0
456,456.0,M,Ing. Mecánica,10.0,,Si,Si,Si,1,1,1,5,1,0,0,2, ,0
457,457.0,M,Ing. Mecánica,8.0,,Si,Si,Si,3,5,1,5,1,0,0,0, ,0
458,458.0,M,Ing. Industrial,8.0,,Si,Si,,0,0,0,0,0,0,0,0, ,0
459,459.0,M,Ing. Mecatrónica/Electrónica,8.0,,Si,Si,Si,1,1,1,5,1,0,0,0, ,0
460,460.0,M,Ing. Mecánica,10.0,,Si,Si,,1,1,1,1,1,0,0,0, ,0
461,461.0,M,Ing. Mecánica,10.0,,Si,Si,Si,1,5,1,1,1,0,0,0, ,0
462,462.0,M,Ing. Mecatrónica/Electrónica,10.0,,Si,Si,Si,5,3,5,5,5,0,0,0, ,0
463,463.0,M,Ing. Industrial,8.0,,Si,Si,,0,0,0,0,0,1,1,0,2,1
464,464.0,M,Ing. Mecánica,8.0,,Si,Si,Si,5,3,1,1,3,0,0,2, ,0
465,465.0,M,Ing. Mecatrónica/Electrónica,10.0,,Si,Si,Si,1,5,1,1,1,0,0,0, ,0
466,466.0,F,Ing. Mecánica,9.0,,Si,Si,Si,1,5,3,5,5,0,0,2, ,0
467,467.0,M,Ing. Mecánica,10.0,10.0,Si,Si,Si,1,5,1,3,3,0,0,3, ,0
468,468.0,F,Ing. Ambiental,14.0,,Si,Si,,1,3,1,1,1,0,0,0, ,0
469,469.0,F,Ing. Industrial,8.0,10.0,Si,Si,,1,3,1,1,3,0,0,0, ,0
470,470.0,F,Ing. Mecánica,10.0,,Si,Si,Si,1,1,5,5,3,0,0,3, ,0
471,471.0,M,Ing. Mecatrónica/Electrónica,10.0,,Si,Si,Si,5,1,1,1,3,0,0,0, ,0
472,472.0,M,Ing. Mecánica,10.0,,Si,Si,,1,1,1,3,3,0,0,0, ,0
473,473.0,M,Ing. Logística,9.0,,Si,Si,Si,5,3,1,3,1,0,0,0, ,0
474,474.0,M,Ing. Química,10.0,,Si,Si,,1,1,1,1,1,0,0,0, ,0
475,475.0,M,Ing. Química,8.0,,Si,Si,Si,1,1,5,1,1,0,0,0, ,0
476,476.0,F,Ing. Mecatrónica/Electrónica,6.0,,Si,Si,,0,0,0,0,0,0,0,0, ,0
477,477.0,F,Ing. Mecánica,6.0,10.0,Si,Si,Si,1,1,5,1,1,0,0,0, ,0
478,478.0,M,Ing. Mecánica,8.0,,Si,Si,,0,0,0,0,0,0,0,0, ,0
479,479.0,M,Ing. Mecatrónica/Electrónica,7.0,,Si,Si,,0,0,0,0,0,0,0,0, ,0
480,480.0,M,Ing. Tecnología de Software,10.0,,Si,Si,Si,5,1,1,1,3,0,0,0, ,0
481,481.0,M,Ing. Mecatrónica/Electrónica,8.0,,Si,Si,Si,1,1,5,1,1,0,0,0, ,0
482,482.0,M,Ing. Mecatrónica/Electrónica,9.0,,Si,Si,,0,0,0,0,0,0,0,0, ,0
483,483.0,M,Ing. Administración de Sistemas,10.0,,Si,Si,,1,1,1,1,5,0,0,0, ,0
484,484.0,F,Ing. Tecnología de Software,5.0,,Si,Si,Si,5,1,1,1,5,0,0,0, ,0
485,485.0,M,Ing. Mecatrónica/Electrónica,8.0,,Si,Si,,0,0,0,0,0,0,0,0, ,0
486,486.0,M,Ing. Mecatrónica/Electrónica,7.0,,Si,Si,,0,0,0,0,0,0,0,0, ,0
487,487.0,F,Ing. Mecánica,6.0,10.0,Si,Si,Si,1,1,5,3,1,0,0,6, ,0
488,488.0,M,Ing. Mecatrónica/Electrónica,7.0,,Si,Si,Si,5,1,1,1,1,0,0,0, ,0
489,489.0,M,Ing. Mecatrónica/Electrónica,8.0,,Si,Si,,0,0,0,0,0,0,0,0, ,0
490,490.0,F,Ing. Administración de Sistemas,8.0,,Si,Si,Si,3,1,1,5,5,0,0,0, ,0
491,491.0,M,Ing. Administración de Sistemas,8.0,,Si,Si,Si,5,1,1,1,1,0,0,0, ,0
492,492.0,M,Ing. Administración de Sistemas,7.0,,Si,Si,,0,0,0,0,0,0,0,0, ,0
493,493.0,M,Ing. Mecatrónica/Electrónica,8.0,,Si,Si,,0,0,0,0,0,0,0,0, ,0
494,494.0,M,Ing. Manufactura,8.0,,Si,Si,,1,1,1,3,1,0,0,0, ,0
495,495.0,M,Ing. Tecnología de Software,7.0,,Si,Si,Si,5,1,1,3,1,0,0,0, ,0
496,496.0,M,Ing. Mecánica,7.0,,Si,Si,,1,1,1,1,1,0,0,0, ,0
497,497.0,M,Ing. Mecatrónica/Electrónica,8.0,,Si,Si,,0,0,0,0,0,0,0,0, ,0
498,498.0,M,Ing. Mecánica,6.0,10.0,Si,Si,Si,5,1,1,1,1,0,0,0, ,0
499,499.0,F,Ing. Mecánica,6.0,,Si,Si,,1,1,1,1,3,0,0,0, ,0
500,500.0,M,Ing. Mecánica,6.0,10.0,Si,Si,Si,5,1,5,3,3,0,0,0, ,0
501,501.0,M,Ing. Mecatrónica/Electrónica,10.0,,Si,Si,,0,0,0,0,0,0,0,0, ,0
502,502.0,F,Ing. Mecánica,7.0,10.0,Si,Si,Si,1,5,1,5,3,0,0,5, ,0
503,503.0,M,Ing. Innovación Sustentable,8.0,,Si,Si,Si,1,3,1,5,3,0,0,0, ,0
504,504.0,M,Ing. Industrial,8.0,,Si,Si,Si,3,5,5,1,1,0,0,0, ,0
505,505.0,F,Ing. Mecánica,8.0,,Si,Si,Si,5,5,1,1,5,0,0,0, ,0
506,506.0,F,Ing. Innovación Sustentable,6.0,,Si,Si,,1,1,1,1,1,0,0,0, ,0
507,507.0,M,Ing. Mecánica,10.0,,Si,Si,Si,5,3,1,5,3,0,0,0, ,0
508,508.0,F,Derecho/Ciencias Políticas,5.0,,Si,Si,,1,1,1,1,1,0,0,0, ,0
509,509.0,F,Ing. Gestión Empresarial,7.0,9.0,Si,Si,,0,0,0,0,0,0,0,0, ,0
510,510.0,M,Ing. Gestión Empresarial,7.0,9.0,Si,Si,,0,0,0,0,0,0,0,0, ,0
511,511.0,F,Ing. Gestión Empresarial,7.0,9.0,Si,Si,,0,0,0,0,0,0,0,0, ,0
512,512.0,F,Ing. Gestión Empresarial,7.0,9.0,Si,Si,,0,0,0,0,0,0,0,0, ,0
513,513.0,F,Tecnologías Computacionales,4.0,9.0,Si,Si,,0,0,0,0,0,0,0,0, ,0
514,514.0,M,Tecnologías Computacionales,4.0,9.0,Si,Si,,0,0,0,0,0,0,0,0, ,0
515,515.0,M,Tecnologías Computacionales,5.0,8.0,Si,Si,,0,0,0,0,0,0,0,0, ,0
516,516.0,M,Tecnologías Computacionales,4.0,8.0,Si,Si,,0,0,0,0,0,0,0,0, ,0
517,517.0,M,Tecnologías Computacionales,5.0,9.0,Si,Si,,0,0,0,0,0,0,0,0, ,0
518,518.0,F,Tecnologías Computacionales,4.0,9.0,Si,Si,,0,0,0,0,0,0,0,0, ,0
519,519.0,M,Tecnologías Computacionales,5.0,8.0,Si,Si,,0,0,0,0,0,0,0,0, ,0
520,520.0,M,Tecnologías Computacionales,5.0,10.0,Si,Si,,0,0,0,0,0,0,0,0, ,0
521,521.0,M,Tecnologías Computacionales,4.0,8.0,Si,Si,,0,0,0,0,0,0,0,0, ,0
522,522.0,F,Tecnologías Computacionales,4.0,8.0,Si,Si,,0,0,0,0,0,0,0,0, ,0
523,523.0,M,Tecnologías Computacionales,5.0,8.0,Si,Si,,0,0,0,0,0,0,0,0, ,0
524,524.0,M,Tecnologías Computacionales,4.0,8.0,Si,Si,,0,0,0,0,0,0,0,0, ,0
525,525.0,M,Tecnologías Computacionales,5.0,9.0,Si,Si,,0,0,0,0,0,0,0,0, ,0
526,526.0,M,Tecnologías Computacionales,5.0,8.0,Si,Si,,0,0,0,0,0,0,0,0, ,0
527,527.0,M,Tecnologías Computacionales,5.0,8.0,Si,Si,,0,0,0,0,0,0,0,0, ,0
528,528.0,M,Tecnologías Computacionales,5.0,9.0,Si,Si,,0,0,0,0,0,0,0,0, ,0
529,529.0,M,Tecnologías Computacionales,5.0,8.0,Si,Si,,0,0,0,0,0,0,0,0, ,0
530,530.0,M,Tecnologías Computacionales,4.0,10.0,Si,Si,,0,0,0,0,0,0,0,0, ,0
531,531.0,M,Tecnologías Computacionales,4.0,8.0,Si,Si,,0,0,0,0,0,0,0,0, ,0
532,532.0,M,Tecnologías Computacionales,4.0,9.0,Si,Si,,0,0,0,0,0,0,0,0, ,0
533,533.0,M,Tecnologías Computacionales,4.0,10.0,Si,Si,,1,3,1,1,1,1,0,0, ,0
534,534.0,M,Tecnologías Computacionales,5.0,8.0,Si,Si,,0,0,0,0,0,0,0,0, ,0
535,535.0,M,Tecnologías Computacionales,4.0,8.0,Si,Si,,0,0,0,0,0,0,0,0, ,0
536,536.0,M,Tecnologías Computacionales,5.0,8.0,Si,Si,,0,0,0,0,0,0,0,0, ,0
537,537.0,F,Tecnologías Computacionales,4.0,9.0,Si,Si,,0,0,0,0,0,0,0,0, ,0
538,538.0,M,Tecnologías Computacionales,5.0,9.0,Si,Si,,0,0,0,0,0,0,0,0, ,0
539,539.0,M,Ing. Industrial,9.0,9.0,Si,Si,,0,0,0,0,0,0,0,0, ,0
540,540.0,M,Ing. Industrial,9.0,9.0,Si,Si,,0,0,0,0,0,0,0,0, ,0
541,541.0,F,Ing. Industrial,7.0,9.0,Si,Si,,0,0,0,0,0,0,0,0, ,0
542,542.0,F,Ing. Industrial,7.0,8.0,Si,Si,,0,0,0,0,0,0,0,0, ,0
543,543.0,F,Ing. Industrial,7.0,8.0,Si,Si,,0,0,0,0,0,0,0,0, ,0
544,544.0,F,Ing. Industrial,7.0,9.0,Si,Si,,0,0,0,0,0,0,0,0, ,0
545,545.0,M,Ing. Mecánica,7.0,9.0,Si,Si,,1,3,1,1,1,1,0,0, ,0
546,546.0,F,Ing. Industrial,9.0,10.0,Si,Si,,1,3,1,1,3,1,0,0, ,0
547,547.0,M,Contabilidad,9.0,9.0,Si,Si,,5,5,5,3,5,1,1,0, ,0
548,548.0,F,Contabilidad,9.0,9.0,Si,Si,,5,5,1,3,3,1,1,0, ,0
549,549.0,F,Contabilidad,9.0,9.0,Si,Si,,3,3,1,1,5,1,0,0, ,0
550,550.0,M,Ing. Mecatrónica/Electrónica,11.0,10.0,Si,Si,,0,0,0,0,0,0,0,0, ,0
551,551.0,M,Ing. Mecatrónica/Electrónica,10.0,10.0,Si,Si,,0,0,0,0,0,0,0,0, ,0
552,552.0,F,Ing. Materiales,8.0,10.0,Si,Si,,1,5,3,1,3,1,1,0, ,0
553,553.0,M,Ing. Materiales,9.0,10.0,Si,Si,,1,1,1,1,1,0,0,0, ,0
554,554.0,M,Ing. Mecánica,14.0,10.0,Si,Si,,3,1,1,1,3,1,0,0, ,0
555,555.0,M,Ing. Mecánica,11.0,10.0,Si,Si,,1,3,1,1,1,1,0,0, ,0
556,556.0,M,Ing. Mecánica,10.0,10.0,Si,Si,,1,1,1,1,1,0,0,0, ,0
557,557.0,M,Ing. Mecánica,8.0,10.0,Si,Si,,0,0,0,0,0,0,0,0, ,0
558,558.0,M,Ing. Industrial,8.0,10.0,Si,Si,,1,3,5,1,3,1,1,0, ,0
559,559.0,M,Ing. Mecatrónica/Electrónica,14.0,10.0,Si,Si,,0,0,0,0,0,0,0,0, ,0
560,560.0,M,Ing. Industrial,9.0,10.0,Si,Si,,0,0,0,0,0,0,0,0, ,0
561,561.0,M,Ing. Mecánica,8.0,10.0,Si,Si,,1,1,1,1,1,0,0,0, ,0
562,562.0,M,Ing. Mecánica,14.0,10.0,Si,Si,,0,0,0,0,0,0,0,0, ,0
563,563.0,M,Ing. Mecánica,14.0,10.0,Si,Si,,5,5,1,3,3,1,1,0, ,0
564,564.0,M,Ing. Mecánica,10.0,10.0,Si,Si,,1,1,1,1,1,0,0,0, ,0
565,565.0,M,Ing. Mecatrónica/Electrónica,10.0,10.0,Si,Si,,0,0,0,0,0,0,0,0, ,0
566,566.0,M,Ing. Mecatrónica/Electrónica,10.0,10.0,Si,Si,,0,0,0,0,0,0,0,0, ,0
567,567.0,M,Ing. Mecatrónica/Electrónica,11.0,10.0,Si,Si,,0,0,0,0,0,0,0,0, ,0
568,568.0,M,Ing. Administración de Sistemas,8.0,11.0,Si,Si,,1,1,1,1,1,0,0,0, ,0
569,569.0,M,Ing. Mecatrónica/Electrónica,9.0,10.0,Si,Si,,0,0,0,0,0,0,0,0, ,0
570,570.0,M,Ing. Mecatrónica/Electrónica,9.0,10.0,Si,Si,,1,1,5,1,1,1,1,0, ,0
571,571.0,M,Ing. Mecatrónica/Electrónica,9.0,10.0,Si,Si,,3,5,1,1,3,1,1,0,1,0
572,572.0,M,Ing. Administración de Sistemas,9.0,10.0,Si,Si,,1,1,1,1,5,1,0,0, ,0
573,573.0,M,Ing. Mecatrónica/Electrónica,9.0,10.0,Si,Si,,5,1,3,1,1,1,1,0,1,0
574,574.0,M,Ing. Materiales,9.0,10.0,Si,Si,,1,1,1,5,1,1,1,0, ,0
575,575.0,F,Ing. Mecánica,9.0,10.0,Si,Si,,5,5,1,1,5,1,1,0, ,0
576,576.0,M,Ing. Administración de Sistemas,10.0,11.0,Si,Si,,5,3,5,1,3,1,1,0, ,0
577,577.0,F,Ing. Mecatrónica/Electrónica,9.0,10.0,Si,Si,,1,5,1,3,5,1,1,0,1,0
578,578.0,M,Ing. Mecánica,9.0,10.0,Si,Si,,0,0,0,0,0,0,0,0, ,0
579,579.0,M,Ing. Mecánica,9.0,11.0,Si,Si,,0,0,0,0,0,0,0,0, ,0
580,580.0,M,Ing. Mecánica,9.0,11.0,Si,Si,,1,3,1,5,1,1,1,0,2,0
581,581.0,M,Ing. Administración de Sistemas,8.0,10.0,Si,Si,,0,0,0,0,0,0,0,0, ,0
582,582.0,F,Ing. Mecánica,8.0,10.0,Si,Si,,1,5,1,5,5,1,1,0,1,0
583,583.0,M,Ing. Mecatrónica/Electrónica,9.0,10.0,Si,Si,,1,1,1,5,1,1,1,0,2,1
584,584.0,M,Ing. Mecánica,7.0,10.0,Si,Si,,1,5,1,3,1,1,1,0,2,0
585,585.0,M,Ing. Administración de Sistemas,9.0,11.0,Si,Si,,1,3,1,1,3,1,0,0, ,0
586,586.0,M,Ing. Administración de Sistemas,9.0,11.0,Si,Si,,1,1,1,1,1,0,0,0, ,0
587,587.0,M,Ing. Manufactura,7.0,10.0,Si,Si,,0,0,0,0,0,0,0,0, ,0
588,588.0,F,Ing. Mecánica,9.0,10.0,Si,Si,,3,5,5,1,5,1,1,0, ,0
589,589.0,M,Ing. Manufactura,8.0,11.0,Si,Si,,3,1,3,3,1,1,0,0, ,0
590,590.0,F,Ing. Mecatrónica/Electrónica,10.0,11.0,Si,Si,,1,3,1,3,1,1,0,0, ,0
591,591.0,M,Ing. Mecatrónica/Electrónica,9.0,10.0,Si,Si,,3,5,5,5,5,1,1,0, ,0
592,592.0,M,Ing. Mecánica,9.0,10.0,Si,Si,,1,1,1,1,1,0,0,0, ,0
593,593.0,M,Ing. Mecánica,9.0,10.0,Si,Si,,1,3,1,1,5,1,0,0, ,0
594,594.0,M,Ing. Mecatrónica/Electrónica,9.0,10.0,Si,Si,,1,5,1,1,3,1,1,0, ,0
595,595.0,M,Ing. Mecánica,8.0,10.0,Si,Si,,5,5,5,5,1,1,1,0, ,0
596,596.0,M,Ing. Mecánica,9.0,10.0,Si,Si,,1,1,1,1,1,0,0,0, ,0
597,597.0,F,Ing. Mecánica,8.0,10.0,Si,Si,,1,1,1,1,1,0,0,0, ,0
598,598.0,M,Ing. Mecatrónica/Electrónica,9.0,10.0,Si,Si,,3,1,1,5,3,1,1,0, ,0
599,599.0,M,Ing. Mecatrónica/Electrónica,9.0,10.0,Si,Si,,3,3,5,5,5,1,1,0, ,0
600,600.0,M,Ing. Mecatrónica/Electrónica,9.0,9.0,Si,Si,,1,3,1,1,3,1,0,0, ,0
601,601.0,M,Ing. Mecatrónica/Electrónica,9.0,10.0,Si,Si,,1,1,3,1,1,1,0,0, ,0
602,602.0,F,Ing. Tecnologías de Software,9.0,10.0,Si,Si,,5,1,1,1,1,1,1,0, ,0
603,603.0,M,Ing. Mecatrónica/Electrónica,9.0,11.0,Si,Si,,1,3,1,1,1,1,0,0, ,0
604,604.0,M,Ing. Administración de Sistemas,9.0,11.0,Si,Si,,1,5,1,1,1,1,1,0, ,0
605,605.0,M,Ing. Materiales,9.0,12.0,Si,Si,,1,3,1,1,1,1,0,0, ,0
606,606.0,M,Ing. Mecatrónica/Electrónica,9.0,10.0,Si,Si,,1,1,1,3,1,1,0,0, ,0
607,607.0,F,Ing. Administración de Sistemas,9.0,10.0,Si,Si,,1,1,3,5,1,1,1,0, ,0
608,608.0,M,Ing. Mecánica,9.0,9.0,Si,Si,,3,5,1,1,3,1,1,0, ,0
609,609.0,M,Ing. Mecánica,9.0,11.0,Si,Si,,1,3,1,1,1,1,0,0, ,0
610,610.0,F,Ing. Administración de Sistemas,8.0,10.0,Si,Si,,1,1,1,1,1,0,0,0, ,0
611,611.0,M,Ing. Mecánica,8.0,10.0,Si,Si,,0,0,0,0,0,0,0,0, ,0
612,612.0,M,Ing. Materiales,8.0,10.0,Si,Si,,1,5,5,1,5,1,1,0,2,1
613,613.0,F,Ing. Aeronáutica,9.0,10.0,Si,Si,,0,0,0,0,0,0,0,0, ,0
614,614.0,M,Ing. Aeronáutica,9.0,10.0,Si,Si,,1,3,1,5,3,1,1,0, ,0
615,615.0,M,Ing. Administración de Sistemas,10.0,10.0,Si,Si,,5,5,3,5,5,1,1,0, ,0
616,616.0,M,Ing. Mecánica,11.0,12.0,Si,Si,,0,0,0,0,0,0,0,0, ,0
617,617.0,M,Ing. Materiales,9.0,10.0,Si,Si,,5,5,5,3,5,1,1,0,1,0
618,618.0,M,Ing. Mecatrónica/Electrónica,10.0,11.0,Si,Si,,1,1,5,5,1,1,1,0, ,0
619,619.0,M,Ing. Mecánica,9.0,10.0,Si,Si,,1,3,1,1,5,1,0,0, ,0
620,620.0,M,Ing. Mecatrónica/Electrónica,9.0,10.0,Si,Si,,1,3,5,3,1,1,1,0, ,0
621,621.0,M,Ing. Mecatrónica/Electrónica,8.0,11.0,Si,Si,,1,1,3,1,5,1,0,0, ,0
622,622.0,M,Ing. Mecatrónica/Electrónica,10.0,11.0,Si,Si,,1,5,1,1,1,1,1,0,1,0
623,623.0,F,Ing. Administración de Sistemas,8.0,10.0,Si,Si,,0,0,0,0,0,0,0,0, ,0
624,624.0,F,Ing. Mecánica,9.0,10.0,Si,Si,,1,1,1,1,3,1,0,0, ,0
625,625.0,M,Ing. Mecatrónica/Electrónica,9.0,12.0,Si,Si,,3,1,1,1,1,1,0,0, ,0
626,626.0,M,Ing. Mecatrónica/Electrónica,9.0,10.0,Si,Si,,3,3,1,1,3,1,0,0, ,0
627,627.0,F,Ing. Aeronáutica,10.0,11.0,Si,Si,,1,1,1,1,5,1,0,0, ,0
628,628.0,M,Ing. Administración de Sistemas,8.0,10.0,Si,Si,,1,1,5,1,1,1,1,0,2,0
629,629.0,M,Ing. Mecatrónica/Electrónica,9.0,10.0,Si,Si,,5,3,5,1,1,1,1,0,2,0
630,630.0,M,Ing. Mecánica,9.0,10.0,Si,Si,,1,1,5,1,1,1,1,0, ,0
631,631.0,F,Ing. Manufactura,7.0,10.0,Si,Si,,5,3,3,3,1,1,1,0,1,0
632,632.0,M,Ing. Mecánica,10.0,10.0,Si,Si,,1,1,1,1,1,0,0,0, ,0
633,633.0,M,Ing. Mecatrónica/Electrónica,9.0,10.0,Si,Si,,1,1,3,1,3,1,0,0, ,0
634,634.0,M,Ing. Mecatrónica/Electrónica,9.0,10.0,Si,Si,,3,1,1,3,1,1,0,0, ,0
635,635.0,M,Ing. Mecatrónica/Electrónica,10.0,10.0,Si,Si,,1,5,3,3,1,1,1,0, ,0
636,636.0,M,Ing. Tecnologías de Software,8.0,10.0,Si,Si,,1,5,1,3,1,1,1,0, ,0
637,637.0,M,Ing. Mecatrónica/Electrónica,9.0,10.0,Si,Si,,5,5,5,5,3,1,1,0,1,0
638,638.0,F,Ing. Manufactura,7.0,10.0,Si,Si,,1,3,1,1,1,1,0,0, ,0
639,639.0,M,Ing. Mecatrónica/Electrónica,7.0,10.0,Si,Si,,1,1,1,3,1,1,0,0, ,0
640,640.0,F,Ing. Mecatrónica/Electrónica,9.0,10.0,Si,Si,,3,5,1,1,1,1,1,0, ,0
641,641.0,M,Ing. Manufactura,7.0,10.0,Si,Si,,1,3,1,1,1,1,0,0, ,0
642,642.0,M,Ing. Mecatrónica/Electrónica,8.0,10.0,Si,Si,,3,1,1,1,1,1,0,0, ,0
643,643.0,M,Ing. Mecánica,7.0,11.0,Si,Si,,1,5,1,1,3,1,1,0, ,0
644,644.0,M,Ing. Mecánica,9.0,10.0,Si,Si,,5,3,1,5,1,1,1,0, ,0
645,645.0,M,Ing. Mecatrónica/Electrónica,10.0,11.0,Si,Si,,1,1,1,1,3,1,0,0, ,0
646,646.0,M,Ing. Administración de Sistemas,9.0,10.0,Si,Si,,1,5,1,1,3,1,1,0,1,0
647,647.0,M,Ing. Tecnologías de Software,9.0,10.0,Si,Si,,1,1,1,1,1,0,0,0, ,0
648,648.0,M,Ing. Materiales,9.0,10.0,Si,Si,,1,5,1,1,1,1,1,0,1,0
649,649.0,M,Ing. Mecatrónica/Electrónica,9.0,10.0,Si,Si,,3,1,1,1,1,1,0,0, ,0
650,650.0,M,Ing. Mecánica,9.0,11.0,Si,Si,,1,1,1,1,1,0,0,0, ,0
651,651.0,M,Ing. Mecatrónica/Electrónica,9.0,10.0,Si,Si,,5,5,1,1,1,1,1,0, ,0
652,652.0,M,Ing. Mecatrónica/Electrónica,9.0,10.0,Si,Si,,1,1,1,5,1,1,1,0, ,0
653,653.0,M,Ing. Mecánica,10.0,12.0,Si,Si,,0,0,0,0,0,0,0,0, ,0
654,654.0,F,Ing. Materiales,9.0,10.0,Si,Si,,1,3,1,1,1,1,0,0, ,0
655,655.0,F,Ing. Mecatrónica/Electrónica,9.0,10.0,Si,Si,,1,1,1,3,3,1,0,0, ,0
656,656.0,M,Ing. Mecánica,9.0,11.0,Si,Si,,1,5,1,1,5,1,1,0, ,0
657,657.0,M,Ing. Mecatrónica/Electrónica,9.0,10.0,Si,Si,,1,3,1,1,1,1,0,0, ,0
658,658.0,M,Ing. Mecánica,9.0,10.0,Si,Si,,1,1,1,1,1,0,0,0, ,0
659,659.0,M,Ing. Mecatrónica/Electrónica,9.0,10.0,Si,Si,,5,1,1,5,1,1,1,0,1,0
660,660.0,M,Ing. Mecánica,9.0,10.0,Si,Si,,5,5,1,1,1,1,1,0, ,0
661,661.0,M,Ing. Mecatrónica/Electrónica,9.0,11.0,Si,Si,,0,0,0,0,0,0,0,0, ,0
662,662.0,M,Ing. Administración de Sistemas,10.0,11.0,Si,Si,,1,5,1,1,1,1,1,0, ,0
663,663.0,M,Ing. Tecnologías de Software,10.0,10.0,Si,Si,,3,5,5,5,5,1,1,0, ,0
664,664.0,M,Ing. Aeronáutica,9.0,10.0,Si,Si,,1,5,1,1,5,1,1,0, ,0
665,665.0,M,Ing. Mecatrónica/Electrónica,9.0,11.0,Si,Si,,3,1,1,1,3,1,0,0, ,0
666,666.0,M,Ing. Manufactura,8.0,10.0,Si,Si,,1,1,1,3,1,1,0,0, ,0
667,667.0,M,Ing. Mecánica,7.0,11.0,Si,Si,,1,1,1,1,1,0,0,0, ,0
668,668.0,F,Ing. Administración de Sistemas,9.0,10.0,Si,Si,,3,3,5,3,1,1,1,0, ,0
669,669.0,M,Ing. Materiales,10.0,10.0,Si,Si,,1,1,1,1,1,0,0,0, ,0
670,670.0,F,Ing. Administración de Sistemas,7.0,9.0,Si,Si,,1,1,1,1,1,0,0,0, ,0
671,671.0,F,Ing. Mecánica,7.0,11.0,Si,Si,,1,5,1,3,3,1,1,0, ,0
672,672.0,M,Ing. Mecánica,10.0,11.0,Si,Si,,5,1,1,1,1,1,1,0,2,0
673,673.0,M,Ing. Administración de Sistemas,8.0,11.0,Si,Si,,1,5,1,1,1,1,1,0,1,0
674,674.0,M,Ing. Administración de Sistemas,11.0,12.0,Si,Si,,0,0,0,0,0,0,0,0, ,0
675,675.0,M,Ing. Mecatrónica/Electrónica,8.0,10.0,Si,Si,,3,3,1,5,1,1,1,0, ,0
676,676.0,M,Ing. Administración de Sistemas,10.0,11.0,Si,Si,,3,1,1,1,1,1,0,0, ,0
677,677.0,M,Ing. Mecánica,9.0,10.0,Si,Si,,0,0,0,0,0,0,0,0, ,0
678,678.0,M,Ing. Mecatrónica/Electrónica,7.0,10.0,Si,Si,,0,0,0,0,0,0,0,0, ,0
679,679.0,M,Ing. Mecánica,7.0,10.0,Si,Si,,1,1,1,1,1,0,0,0, ,0
680,680.0,M,Ing. Mecánica,10.0,11.0,Si,Si,,1,1,1,3,5,1,0,0, ,0
681,681.0,M,Ing. Mecatrónica/Electrónica,9.0,10.0,Si,Si,,1,1,1,3,1,1,0,0, ,0
682,682.0,M,Ing. Mecatrónica/Electrónica,9.0,10.0,Si,Si,,1,1,1,3,5,1,0,0, ,0
683,683.0,M,Ing. Mecatrónica/Electrónica,10.0,11.0,Si,Si,,0,0,0,0,0,0,0,0, ,0
684,684.0,F,Ing. Mecatrónica/Electrónica,9.0,10.0,Si,Si,,3,3,1,3,5,1,0,0, ,0
685,685.0,M,Ing. Materiales,10.0,10.0,Si,Si,,5,1,5,3,1,1,1,0, ,0
686,686.0,M,Ing. Administración de Sistemas,9.0,10.0,Si,Si,,3,1,3,5,1,1,1,0, ,0
687,687.0,M,Ing. Mecatrónica/Electrónica,9.0,10.0,Si,Si,,1,1,1,1,1,0,0,0, ,0
688,688.0,M,Ing. Mecánica,10.0,11.0,Si,Si,,3,1,3,3,5,1,0,0, ,0
689,689.0,M,Ing. Mecánica,9.0,10.0,Si,Si,,1,3,1,5,5,1,1,0, ,0
690,690.0,M,Ing. Administración de Sistemas,11.0,12.0,Si,Si,,1,1,1,1,1,0,0,0, ,0
691,691.0,M,Ing. Mecatrónica/Electrónica,9.0,10.0,Si,Si,,1,5,1,1,3,1,1,0, ,0
692,692.0,F,Ing. Mecánica,7.0,10.0,Si,Si,,1,3,1,1,1,1,0,0, ,0
693,693.0,F,Ing. Mecánica,9.0,10.0,Si,Si,,5,5,3,1,3,1,1,0,1,0
694,694.0,F,Ing. Mecánica,9.0,10.0,Si,Si,,5,3,1,3,5,1,1,0, ,0
695,695.0,F,Ing. Industrial,7.0,10.0,Si,Si,,3,1,1,3,5,1,0,0, ,0
696,696.0,F,Ing. Industrial,5.0,10.0,Si,Si,,0,0,0,0,0,0,0,0, ,0
697,697.0,M,Ing. Mecánica,10.0,11.0,Si,Si,,3,1,1,1,1,1,0,0, ,0
698,698.0,M,Ing. Desarrollo Sustentable,5.0,8.0,Si,Si,,0,0,0,0,0,0,0,0, ,0
699,699.0,M,Ing. Mecánica,5.0,8.0,Si,Si,,1,1,5,1,1,1,1,0,2,1
700,700.0,F,Ing. Mecatrónica/Electrónica,11.0,11.0,Si,Si,,1,5,1,1,1,1,1,0, ,0
701,701.0,M,Ing. Mecánica,7.0,9.0,Si,Si,,5,3,5,5,1,1,1,0, ,0
702,702.0,M,Ing. Química,8.0,10.0,Si,Si,,1,1,1,1,3,1,0,0, ,0
703,703.0,F,Relaciones Internacionales,8.0,10.0,Si,Si,,1,1,1,1,1,0,0,0, ,0
704,704.0,M,Ing. Industrial,10.0,10.0,Si,Si,,5,5,3,3,1,1,1,0, ,0
705,705.0,F,Ing. Desarrollo Sustentable,14.0,14.0,Si,Si,,5,5,3,3,5,1,1,0, ,0
706,706.0,F,Ing. Desarrollo Sustentable,8.0,10.0,Si,Si,,0,0,0,0,0,0,0,0, ,0
707,707.0,F,Ing. Mecatrónica/Electrónica,6.0,9.0,Si,Si,,1,3,1,1,1,1,0,0, ,0
708,708.0,M,Ing. Robótica y Sistemas Digitales,5.0,8.0,Si,Si,,0,0,0,0,0,0,0,0, ,0
709,709.0,M,Economía/Finanzas,7.0,9.0,Si,Si,,0,0,0,0,0,0,0,0, ,0
710,710.0,F,Ing. Química,10.0,10.0,Si,Si,,1,1,3,3,3,1,0,0, ,0
711,711.0,M,Ing. Mecatrónica/Electrónica,9.0,10.0,Si,Si,,3,1,3,1,1,1,0,0, ,0
712,712.0,M,Ing. Química,7.0,10.0,Si,Si,,1,1,1,3,1,1,0,0, ,0
713,713.0,M,Ing. Mecánica,9.0,10.0,Si,Si,,1,1,1,1,1,0,0,0, ,0
714,714.0,M,Administración,8.0,10.0,Si,Si,,1,1,3,5,3,1,1,0, ,0
715,715.0,F,Ing. Nanotecnología,7.0,11.0,Si,Si,,3,5,5,5,1,1,1,0,1,0
716,716.0,M,Ing. Innovación y Desarrollo,9.0,10.0,Si,Si,,1,1,1,3,5,1,0,0, ,0
717,717.0,F,Ing. Industrial,14.0,14.0,Si,Si,,5,5,1,5,3,1,1,0, ,0
718,718.0,F,Administración,8.0,9.0,Si,Si,,0,0,0,0,0,0,0,0, ,0
719,719.0,F,Ing. Nanotecnología,7.0,10.0,Si,Si,,0,0,0,0,0,0,0,0, ,0
720,720.0,M,Ing. Mecánica,7.0,9.0,Si,Si,,1,5,1,1,3,1,1,0, ,0
721,721.0,F,Ing. Mecatrónica/Electrónica,5.0,8.0,Si,Si,,1,1,1,1,1,0,0,0, ,0
722,722.0,F,Ing. Mecánica,9.0,10.0,Si,Si,,5,3,5,1,1,1,1,0, ,0
723,723.0,M,Ing. Biotecnología,7.0,9.0,Si,Si,,1,3,5,1,1,1,1,0,2,0
724,724.0,M,Ing. Mecatrónica/Electrónica,9.0,9.0,Si,Si,,1,5,1,5,1,1,1,0, ,0
725,725.0,M,Ing. Física,7.0,9.0,Si,Si,,0,0,0,0,0,0,0,0, ,0
726,726.0,M,Ing. Industrial,7.0,9.0,Si,Si,,1,5,1,1,5,1,1,0, ,0
727,727.0,F,Ing. Mecatrónica/Electrónica,7.0,10.0,Si,Si,,1,3,1,1,1,1,0,0, ,0
728,728.0,M,Ing. Diseño Automotriz,7.0,9.0,Si,Si,,1,3,1,1,5,1,0,0, ,0
729,729.0,F,Maestría en Materiales,4.0,4.0,Si,Si,,3,5,1,1,5,1,1,0, ,0
730,730.0,M,Maestría en Materiales,5.0,5.0,Si,Si,,1,1,1,1,1,0,0,0, ,0
731,731.0,M,Doctorado en Materiales,8.0,8.0,Si,Si,,1,1,1,1,1,0,0,0, ,0
732,732.0,M,Maestría en Química,3.0,4.0,Si,Si,,0,0,0,0,0,0,0,0, ,0
733,733.0,F,Doctorado en Materiales,7.0,8.0,Si,Si,,1,3,1,1,1,1,0,0, ,0
734,734.0,M,Ing. Materiales,4.0,10.0,Si,Si,,0,0,0,0,0,0,0,0, ,0
735,735.0,M,Doctorado en Materiales,2.0,6.0,Si,Si,,1,1,1,1,1,0,0,0, ,0
736,736.0,M,Ing. Química,10.0,11.0,Si,Si,,1,5,1,5,1,1,1,0, ,0
737,737.0,F,Ing. Química,8.0,10.0,Si,Si,,1,3,1,1,1,1,0,0,1,1
738,738.0,M,Ing. Nanotecnología,7.0,10.0,Si,Si,,0,0,0,0,0,0,0,0, ,0
739,739.0,F,Ing. Industrial,7.0,10.0,Si,Si,,1,1,3,1,5,1,0,0, ,0
740,740.0,F,Ing. Nanotecnología,7.0,10.0,Si,Si,,1,5,1,1,1,1,1,0,1,0
741,741.0,M,Ing. Nanotecnología,7.0,10.0,Si,Si,,0,0,0,0,0,0,0,0, ,0
742,742.0,F,Ing. Nanotecnología,7.0,10.0,Si,Si,,3,1,5,1,1,1,1,0,2,1
743,743.0,M,Ing. Industrial,7.0,10.0,Si,Si,,1,5,1,1,5,1,1,0, ,0
744,744.0,M,Ing. Nanotecnología,7.0,10.0,Si,Si,,1,3,5,1,5,1,1,0, ,0
745,745.0,M,Ing. Biotecnología,7.0,10.0,Si,Si,,1,1,3,1,1,1,0,0, ,0
746,746.0,M,Ing. Industrial,7.0,10.0,Si,Si,,0,0,0,0,0,0,0,0, ,0
747,747.0,F,Economía/Finanzas,7.0,10.0,Si,Si,,0,0,0,0,0,0,0,0, ,0
748,748.0,M,Ing. Nanotecnología,7.0,10.0,Si,Si,,1,5,5,3,5,1,1,0,2,1
749,749.0,F,Ing. Industrial,6.0,10.0,Si,Si,,1,3,1,1,3,1,0,0, ,0
750,750.0,M,Ing. Mecatrónica/Electrónica,10.0,10.0,Si,Si,,5,5,5,3,1,1,1,0, ,0
751,751.0,M,Ing. Mecatrónica/Electrónica,10.0,10.0,Si,Si,,0,0,0,0,0,0,0,0, ,0
752,752.0,M,Ing. Materiales,10.0,11.0,Si,Si,,1,1,1,1,1,0,0,0, ,0
753,753.0,M,Ing. Materiales,7.0,9.0,Si,Si,,1,1,1,1,3,1,0,0, ,0
754,754.0,F,Ing. Materiales,5.0,10.0,Si,Si,,1,5,3,5,5,1,1,0, ,0
755,755.0,M,Ing. Materiales,9.0,10.0,Si,Si,,1,1,3,3,1,1,0,0, ,0
756,756.0,M,Tecnologías Computacionales,9.0,9.0,Si,Si,,1,3,1,1,1,1,0,0, ,0
757,757.0,M,Tecnologías Computacionales,9.0,9.0,Si,Si,,0,0,0,0,0,0,0,0, ,0
758,758.0,M,Ing. Mecatrónica/Electrónica,9.0,9.0,Si,Si,,0,0,0,0,0,0,0,0, ,0
759,759.0,M,Ing. Mecatrónica/Electrónica,11.0,11.0,Si,Si,,0,0,0,0,0,0,0,0, ,0
760,760.0,F,Ing. Mecatrónica/Electrónica,9.0,10.0,Si,Si,,0,0,0,0,0,0,0,0, ,0
761,761.0,M,Ing. Mecatrónica/Electrónica,9.0,9.0,Si,Si,,0,0,0,0,0,0,0,0, ,0
762,762.0,M,Ing. Mecatrónica/Electrónica,7.0,10.0,Si,Si,,0,0,0,0,0,0,0,0, ,0
763,763.0,F,Ing. Mecatrónica/Electrónica,6.0,9.0,Si,Si,,5,3,1,1,1,1,1,0, ,0
764,764.0,M,Ing. Mecatrónica/Electrónica,4.0,9.0,Si,Si,,5,1,3,1,3,1,1,0,1,1
765,765.0,M,Economía/Finanzas,4.0,9.0,Si,Si,,3,3,1,5,5,1,1,0, ,0
766,766.0,F,Ing. Mecatrónica/Electrónica,4.0,9.0,Si,Si,,5,3,1,1,1,1,1,0,1,1
767,767.0,F,Ing. Mecánica,4.0,9.0,Si,Si,,1,1,1,1,5,1,0,0, ,0
768,768.0,M,Ing. Mectrónica,7.0,9.0,Si,Si,,1,5,1,1,5,1,1,0, ,0
769,769.0,F,Administración,5.0,10.0,Si,Si,,1,3,1,1,1,1,0,0, ,0
770,770.0,M,Ing. Mecánica,4.0,9.0,Si,Si,,1,1,3,1,3,1,0,0,1,1
771,771.0,M,Ing. Mecatrónica/Electrónica,4.0,9.0,Si,Si,,1,1,1,1,1,0,0,0, ,0
772,772.0,M,Ing. Mectrónica,5.0,9.0,Si,Si,,5,5,1,3,1,1,1,0, ,0
773,773.0,M,Ing. Mectrónica,5.0,9.0,Si,Si,,1,3,1,1,3,1,0,0,1,0
774,774.0,F,Administración,5.0,9.0,Si,Si,,1,5,1,1,1,1,1,0,1,1
775,775.0,M,Ing. Mecánica,5.0,9.0,Si,Si,,1,1,3,1,3,1,0,0,1,1
776,776.0,M,Ing. Mecatrónica/Electrónica,5.0,9.0,Si,Si,,3,5,1,1,1,1,1,0, ,0
777,777.0,F,Ing. Mecánica,7.0,9.0,Si,Si,,1,5,1,1,1,1,1,0, ,0
778,778.0,F,Ing. Mecánica,4.0,9.0,Si,Si,,1,5,1,3,3,1,1,0, ,0
779,779.0,M,Psicología,6.0,9.0,Si,Si,,1,3,1,5,1,1,1,0, ,0
780,780.0,F,Ing. Desarrollo Sustentable,5.0,9.0,Si,Si,,1,1,1,1,5,1,0,0,1,1
781,781.0,F,Ing. Energías Renovables,4.0,8.0,Si,Si,,1,3,5,1,5,1,1,0,1,1
782,782.0,F,Negocios Internacionales,7.0,10.0,Si,Si,,1,3,5,1,1,1,1,0, ,0
783,783.0,M,Ing. Mecatrónica/Electrónica,9.0,9.0,Si,Si,,0,0,0,0,0,0,0,0, ,0
784,784.0,F,Contabilidad,7.0,10.0,Si,Si,,1,5,1,1,3,1,1,0,2,1
785,785.0,M,Ing. Industrial,5.0,9.0,Si,Si,,1,1,1,1,1,0,0,0, ,0
786,786.0,F,Negocios Internacionales,5.0,8.0,Si,Si,,1,5,1,3,1,1,1,0, ,0
787,787.0,F,Ing. Desarrollo de Software,7.0,8.0,Si,Si,,1,3,1,1,1,1,0,0, ,0
788,788.0,F,Mercadotecnia,5.0,8.0,Si,Si,,3,1,5,5,1,1,1,0,2,1
789,789.0,F,Ing. Industrial,6.0,8.0,Si,Si,,1,1,3,3,1,1,0,0, ,0
790,790.0,F,Administración,6.0,8.0,Si,Si,,1,5,1,1,3,1,1,0,2,1
791,791.0,F,Economía/Finanzas,5.0,8.0,Si,Si,,1,5,1,1,5,1,1,0,2,0
792,792.0,M,Psicología,4.0,9.0,Si,Si,,1,1,1,1,1,0,0,0, ,0
793,793.0,M,Ing. Industrial,8.0,10.0,Si,Si,,3,1,1,1,1,1,0,0, ,0
794,794.0,F,Mercadotecnia,4.0,8.0,Si,Si,,1,5,1,3,5,1,1,0, ,0
795,795.0,M,Ing. Industrial,5.0,8.0,Si,Si,,1,3,1,1,1,1,0,0, ,0
796,796.0,F,Negocios Internacionales,6.0,8.0,Si,Si,,1,1,1,3,1,1,0,0, ,0
797,797.0,M,Negocios Internacionales,6.0,8.0,Si,Si,,1,5,3,3,5,1,1,0, ,0
798,798.0,M,Negocios Internacionales,5.0,9.0,Si,Si,,5,1,1,1,1,1,1,0, ,0
799,799.0,M,Negocios Internacionales,6.0,8.0,Si,Si,,5,5,1,1,1,1,1,0,1,0
800,800.0,F,Derecho/Ciencias Políticas,5.0,8.0,Si,Si,,3,5,1,1,1,1,1,0,2,1
801,801.0,M,Negocios Internacionales,6.0,8.0,Si,Si,,3,3,1,1,1,1,0,0, ,0
802,802.0,M,Mercadotecnia,6.0,8.0,Si,Si,,0,0,0,0,0,0,0,0, ,0
803,803.0,F,Negocios Internacionales,5.0,8.0,Si,Si,,1,1,5,5,1,1,1,0, ,0
804,804.0,F,Negocios Internacionales,9.0,10.0,Si,Si,,0,0,0,0,0,0,0,0, ,0
805,805.0,F,Ing. Robótica y Sistemas Digitales,9.0,10.0,Si,Si,,1,1,1,1,1,0,0,0, ,0
806,806.0,M,Relaciones Internacionales,7.0,9.0,Si,Si,,3,1,1,3,5,1,0,0, ,0
807,807.0,M,Derecho/Ciencias Políticas,7.0,9.0,Si,Si,,5,1,1,5,3,1,1,0,1,0
808,808.0,M,Ing. Innovación Sustentable,8.0,9.0,Si,Si,,1,3,1,1,1,1,0,0, ,0
809,809.0,M,Economía/Finanzas,7.0,9.0,Si,Si,,0,0,0,0,0,0,0,0, ,0
810,810.0,M,Ing. Industrial,7.0,9.0,Si,Si,,1,1,1,5,1,1,1,0, ,0
811,811.0,M,Economía/Finanzas,8.0,9.0,Si,Si,,1,1,3,1,1,1,0,0, ,0
812,812.0,F,Tecnologías Computacionales,5.0,9.0,Si,Si,,5,1,1,1,1,1,1,0,2,0
813,813.0,F,Ing. Innovación Sustentable,7.0,9.0,Si,Si,,0,0,0,0,0,0,0,0, ,0
814,814.0,F,Ing. Gestión Empresarial,6.0,9.0,Si,Si,,1,3,1,1,3,1,0,0, ,0
815,815.0,M,Negocios Internacionales,7.0,9.0,Si,Si,,1,1,1,1,1,0,0,0, ,0
816,816.0,M,Ing. Industrial,9.0,10.0,Si,Si,,3,5,5,1,1,1,1,0,2,1
817,817.0,M,Economía/Finanzas,9.0,10.0,Si,Si,,1,1,1,1,1,0,0,0, ,0
818,818.0,M,Ing. Diseño Automotriz,8.0,9.0,Si,Si,,5,3,1,1,1,1,1,0, ,0
819,819.0,F,Ing. Industrial,4.0,10.0,Si,Si,,0,0,0,0,0,0,0,0, ,0
820,820.0,M,Ing. Mecatrónica/Electrónica,,,Si,Si,,1,1,1,1,1,0,0,0, ,0
821,821.0,M,Ing. Innovación y Desarrollo,,,Si,Si,,0,0,0,0,0,0,0,0, ,0
822,822.0,M,Ing. Mecánica,,,Si,Si,,0,0,0,0,0,0,0,0, ,0
823,823.0,M,Contabilidad,,,Si,Si,,0,0,0,0,0,0,0,0, ,0
824,824.0,F,Ing. Innovación y Desarrollo,,,Si,Si,,1,5,1,3,3,1,1,0,2,1
825,825.0,M,Ing. Mecánica,,,Si,Si,,0,0,0,0,0,0,0,0, ,0
826,826.0,M,Ing. Innovación y Desarrollo,,,Si,Si,,1,1,1,1,1,0,0,0, ,0
827,827.0,M,Ing. Nanotecnología,,,Si,Si,,0,0,0,0,0,0,0,0, ,0
828,828.0,M,Ing. Nanotecnología,,,Si,Si,,0,0,0,0,0,0,0,0, ,0
829,829.0,M,Ing. Física,,,Si,Si,,0,0,0,0,0,0,0,0, ,0
830,830.0,M,Ing. Industrial,,,Si,Si,,1,1,1,1,1,0,0,0, ,0
831,831.0,M,Ing. Desarrollo Sustentable,,,Si,Si,,3,3,1,5,1,1,1,0, ,0
832,832.0,M,Ing. Mecánica,,,Si,Si,,5,5,1,1,3,1,1,0,1,0
833,833.0,F,Ing. Mecatrónica/Electrónica,,,Si,Si,,1,1,1,1,1,0,0,0, ,0
834,834.0,M,Ing. Industrial,,,Si,Si,,1,5,1,1,1,1,1,0, ,0
835,835.0,M,Ing. Mecánica,,,Si,Si,,1,1,1,1,1,0,0,0, ,0
836,836.0,M,Ing. Mecánica,,,Si,Si,,0,0,0,0,0,0,0,0, ,0
837,837.0,F,Economía/Finanzas,,,Si,Si,,0,0,0,0,0,0,0,0, ,0
838,838.0,F,Ing. Industrial,,,Si,Si,,1,3,1,1,1,1,0,0, ,0
839,839.0,M,Ing. Mecatrónica/Electrónica,,,Si,Si,,1,1,3,1,1,1,0,0, ,0
840,840.0,M,Ing. Mecatrónica/Electrónica,,,Si,Si,,1,1,1,1,1,0,0,0, ,0
841,841.0,M,Negocios Internacionales,,,Si,Si,,1,3,5,3,1,1,1,0,2,1
842,842.0,M,Tecnologías Computacionales,,,Si,Si,,1,3,1,3,5,1,0,0, ,0
843,843.0,M,Economía/Finanzas,,,Si,Si,,1,1,1,1,3,1,0,0, ,0
844,844.0,F,Administración,,,Si,Si,,1,3,1,5,5,1,1,0, ,0
845,845.0,M,Ing. Innovación y Desarrollo,,,Si,Si,,1,5,1,1,5,1,1,0,2,0
846,846.0,F,Ing. Innovación y Desarrollo,,,Si,Si,,1,1,1,1,1,0,0,0, ,0
847,847.0,M,Ing. Mecatrónica/Electrónica,,,Si,Si,,0,0,0,0,0,0,0,0, ,0
848,848.0,F,Ing. Industrial,,,Si,Si,,0,0,0,0,0,0,0,0, ,0
849,849.0,M,Ing. Mecánica,,,Si,Si,,0,0,0,0,0,0,0,0, ,0
850,850.0,F,Ing. Mecánica,,,Si,Si,,0,0,0,0,0,0,0,0, ,0
851,851.0,M,Ing. Nanotecnología,,,Si,Si,,5,5,1,1,5,1,1,0,2,1
852,852.0,M,Ing. Química,,,Si,Si,,1,3,1,3,1,1,0,0, ,0
853,853.0,F,Ing. Industrial,,,Si,Si,,3,3,1,1,1,1,0,0, ,0
854,854.0,F,Ing. Física,,,Si,Si,,3,5,1,3,1,1,1,0,1,0
855,855.0,F,Relaciones Internacionales,,,Si,Si,,0,0,0,0,0,0,0,0, ,0
856,856.0,M,Derecho/Ciencias Políticas,,,Si,Si,,0,0,0,0,0,0,0,0, ,0
857,857.0,F,Administración,,,Si,Si,,0,0,0,0,0,0,0,0, ,0
858,858.0,M,Economía/Finanzas,,,Si,Si,,0,0,0,0,0,0,0,0, ,0
859,859.0,F,Ing. Biotecnología,,,Si,Si,,3,5,1,1,5,1,1,0,2,0
860,860.0,F,Ing. Biotecnología,,,Si,Si,,0,0,0,0,0,0,0,0, ,0
861,861.0,F,Ing. Química,,,Si,Si,,1,3,1,1,3,1,0,0, ,0
862,862.0,M,Ing. Física,,,Si,Si,,1,1,1,3,1,1,0,0, ,0
863,863.0,M,Ing. Industrial,,,Si,Si,,1,1,1,5,1,1,1,0,2,1
864,864.0,M,Ing. Mecatrónica/Electrónica,,,Si,Si,,5,5,5,5,1,1,1,0,2,1
865,865.0,M,Contabilidad,,,Si,Si,,0,0,0,0,0,0,0,0, ,0
866,866.0,M,Ing. Nanotecnología,,,Si,Si,,0,0,0,0,0,0,0,0, ,0
867,867.0,M,Ing. Mecatrónica/Electrónica,,,Si,Si,,3,1,1,5,1,1,1,0,2,1
868,868.0,M,Tecnologías Computacionales,,,Si,Si,,3,5,1,1,5,1,1,0, ,0
869,869.0,M,Tecnologías Computacionales,,,Si,Si,,1,1,1,1,1,0,0,0, ,0
870,870.0,M,Ing. Química,,,Si,Si,,1,1,1,1,3,1,0,0, ,0
871,871.0,M,Ing. Industrial,,,Si,Si,,0,0,0,0,0,0,0,0, ,0
872,872.0,F,Ing. Industrial,,,Si,Si,,5,1,1,1,1,1,1,0,2,1
873,873.0,F,Ing. Química,,,Si,Si,,0,0,0,0,0,0,0,0, ,0
874,874.0,M,Ing. Mecatrónica/Electrónica,,,Si,Si,,5,3,5,5,1,1,1,0,1,0
875,875.0,F,Ing. Desarrollo Sustentable,,,Si,Si,,0,0,0,0,0,0,0,0, ,0
876,876.0,M,Ing. Mecatrónica/Electrónica,,,Si,Si,,5,5,5,3,3,1,1,0,1,0
877,877.0,F,Ing. Química,,,Si,Si,,1,3,3,1,1,1,0,0, ,0
878,878.0,M,Ing. Diseño Automotriz,,,Si,Si,,5,1,1,1,1,1,1,0,2,1
879,879.0,F,Ing. Desarrollo Sustentable,,,Si,Si,,1,5,1,3,1,1,1,0, ,0
880,880.0,F,Negocios Internacionales,,,Si,Si,,1,5,1,1,5,1,1,0, ,0
881,881.0,F,Ing. Innovación y Desarrollo,,,Si,Si,,0,0,0,0,0,0,0,0, ,0
882,882.0,M,Economía/Finanzas,,,Si,Si,,3,1,1,1,1,1,0,0, ,0
883,883.0,M,Ing. Mecatrónica/Electrónica,,,Si,Si,,0,0,0,0,0,0,0,0, ,0
884,884.0,M,Ing. Química,,,Si,Si,,0,0,0,0,0,0,0,0, ,0
885,885.0,F,Ing. Innovación y Desarrollo,,,Si,Si,,5,5,1,5,1,1,1,0,2,1
886,886.0,M,Ing. Industrial,,,Si,Si,,5,3,5,5,1,1,1,0,1,0
887,887.0,M,Tecnologías Computacionales,,,Si,Si,,1,3,1,3,1,1,0,0, ,0
888,888.0,M,Ing. Química,,,Si,Si,,1,5,1,1,3,1,1,0,1,0
889,889.0,F,Negocios Internacionales,,,Si,Si,,0,0,0,0,0,0,0,0, ,0
890,890.0,M,Ing. Innovación y Desarrollo,,,Si,Si,,3,3,1,1,1,1,0,0, ,0
891,891.0,M,Ing. Física,,,Si,Si,,1,5,1,1,1,1,1,0,1,0
892,892.0,M,Ing. Física,,,Si,Si,,0,0,0,0,0,0,0,0, ,0
893,893.0,F,Ing. Química,,,Si,Si,,3,1,3,1,1,1,0,0, ,0
894,894.0,M,Ing. Mecánica,,,Si,Si,,0,0,0,0,0,0,0,0, ,0
895,895.0,F,Ing. Robótica y Sistemas Digitales,,,Si,Si,,0,0,0,0,0,0,0,0, ,0
896,896.0,F,Ing. Desarrollo Sustentable,,,Si,Si,,0,0,0,0,0,0,0,0, ,0
897,897.0,F,Ing. Física,,,Si,Si,,0,0,0,0,0,0,0,0, ,0
898,898.0,F,Administración,,,Si,Si,,1,1,1,1,3,1,0,0, ,0
899,899.0,M,Ing. Mecatrónica/Electrónica,,,Si,Si,,0,0,0,0,0,0,0,0, ,0
900,900.0,M,Ing. Industrial,,,Si,Si,,1,5,5,1,1,1,1,0,2,1
901,901.0,M,Ing. Química,,,Si,Si,,0,0,0,0,0,0,0,0, ,0
902,902.0,M,Ing. Química,,,Si,Si,,1,5,1,1,3,1,1,0,1,0
903,903.0,F,Ing. Química,,,Si,Si,,1,3,1,1,5,1,0,0, ,0
904,904.0,M,Ing. Química,,,Si,Si,,0,0,0,0,0,0,0,0, ,0
905,905.0,F,Ing. Nanotecnología,,,Si,Si,,5,5,5,5,3,1,1,0, ,0
906,906.0,F,Ing. Nanotecnología,,,Si,Si,,3,3,5,1,1,1,1,0,2,1
907,907.0,F,Ing. Nanotecnología,,,Si,Si,,0,0,0,0,0,0,0,0, ,0
908,908.0,F,Ing. Innovación y Desarrollo,,,Si,Si,,0,0,0,0,0,0,0,0, ,0
909,909.0,M,Ing. Mecánica,,,Si,Si,,1,1,1,3,1,1,0,0, ,0
910,910.0,F,Ing. Biotecnología,,,Si,Si,,0,0,0,0,0,0,0,0, ,0
911,911.0,M,Negocios Internacionales,,,Si,Si,,1,3,1,1,5,1,0,0, ,0
912,912.0,F,Relaciones Internacionales,,,Si,Si,,1,1,1,3,3,1,0,0, ,0
913,913.0,F,Ing. Química,,,Si,Si,,0,0,0,0,0,0,0,0, ,0
914,914.0,F,Derecho/Ciencias Políticas,,,Si,Si,,0,0,0,0,0,0,0,0, ,0
915,915.0,M,Contabilidad,,,Si,Si,,0,0,0,0,0,0,0,0, ,0
916,916.0,M,Ing. Innovación y Desarrollo,,,Si,Si,,1,3,5,1,3,1,1,0, ,0
917,917.0,M,Ing. Mecánica,,,Si,Si,,0,0,0,0,0,0,0,0, ,0
918,918.0,F,Mercadotecnia,,,Si,Si,,1,1,1,1,1,0,0,0, ,0
919,919.0,M,Ing. Industrial,,,Si,Si,,1,1,5,1,1,1,1,0, ,0
920,920.0,F,Economía/Finanzas,,,Si,Si,,1,3,1,1,3,1,0,0, ,0
921,921.0,F,Ing. Física,,,Si,Si,,0,0,0,0,0,0,0,0, ,0
922,922.0,M,Ing. Nanotecnología,,,Si,Si,,1,1,1,3,1,1,0,0, ,0
923,923.0,F,Ing. Química,,,Si,Si,,1,3,1,1,5,1,0,0, ,0
924,924.0,F,Contabilidad,,,Si,Si,,0,0,0,0,0,0,0,0, ,0
925,925.0,M,Ing. Nanotecnología,,,Si,Si,,0,0,0,0,0,0,0,0, ,0
926,926.0,M,Ing. Química,,,Si,Si,,3,5,1,5,1,1,1,0,1,0
927,927.0,M,Ing. Física,,,Si,Si,,1,1,1,1,1,0,0,0, ,0
928,928.0,M,Contabilidad,,,Si,Si,,1,1,1,3,1,1,0,0, ,0
929,929.0,F,Ing. Nanotecnología,,,Si,Si,,1,1,1,3,1,1,0,0, ,0
930,930.0,M,Ing. Química,,,Si,Si,,5,1,1,3,1,1,1,0, ,0
931,931.0,M,Ing. Mecánica,,,Si,Si,,0,0,0,0,0,0,0,0, ,0
932,932.0,F,Ing. Desarrollo Sustentable,,,Si,Si,,0,0,0,0,0,0,0,0, ,0
933,933.0,M,Ing. Física,,,Si,Si,,0,0,0,0,0,0,0,0, ,0
934,934.0,F,Ing. Desarrollo Sustentable,,,Si,Si,,5,3,3,1,3,1,1,0, ,0
935,935.0,M,Ing. Mecatrónica/Electrónica,,,Si,Si,,1,1,1,1,1,0,0,0, ,0
936,936.0,M,Ing. Mecánica,,,Si,Si,,0,0,0,0,0,0,0,0, ,0
937,937.0,F,Ing. Robótica y Sistemas Digitales,,,Si,Si,,3,1,1,1,1,1,0,0, ,0
938,938.0,F,Ing. Innovación y Desarrollo,,,Si,Si,,0,0,0,0,0,0,0,0, ,0
939,939.0,M,Ing. Mecánica,,,Si,Si,,1,5,1,1,1,1,1,0,2,1
940,940.0,F,Ing. Biotecnología,,,Si,Si,,0,0,0,0,0,0,0,0, ,0
941,941.0,M,Ing. Civil,,,Si,Si,,1,3,5,5,3,1,1,0,2,1
942,942.0,F,Ing. Física,,,Si,Si,,1,1,1,1,1,0,0,0, ,0
943,943.0,M,Ing. Mecatrónica/Electrónica,,,Si,Si,,1,1,1,1,1,0,0,0, ,0
944,944.0,F,Ing. Nanotecnología,,,Si,Si,,1,5,1,1,1,1,1,0,2,1
945,945.0,M,Ing. Innovación y Desarrollo,,,Si,Si,,1,3,1,3,3,1,0,0, ,0
946,946.0,M,Ing. Nanotecnología,,,Si,Si,,1,3,1,1,1,1,0,0, ,0
947,947.0,M,Economía/Finanzas,,,Si,Si,,5,3,1,1,1,1,1,0,1,0
948,948.0,F,Ing. Química,,,Si,Si,,1,1,1,1,5,1,0,0, ,0
949,949.0,M,Ing. Nanotecnología,,,Si,Si,,3,5,1,3,5,1,1,0, ,0
950,950.0,F,Negocios Internacionales,,,Si,Si,,0,0,0,0,0,0,0,0, ,0
951,951.0,F,Ing. Mecánica,,,Si,Si,,0,0,0,0,0,0,0,0, ,0
952,952.0,M,Ing. Mecánica,,,Si,Si,,1,3,5,5,3,1,1,0,1,0
953,953.0,M,Ing. Industrial,,,Si,Si,,5,1,5,5,1,1,1,0, ,0
954,954.0,M,Ing. Mecánica,,,Si,Si,,5,3,5,5,1,1,1,0,2,0
955,955.0,F,Ing. Desarrollo Sustentable,,,Si,Si,,1,3,1,1,1,1,0,0, ,0
956,956.0,F,Negocios Internacionales,,,Si,Si,,1,1,1,1,1,0,0,0, ,0
957,957.0,M,Ing. Mecatrónica/Electrónica,,,Si,Si,,1,1,1,1,1,0,0,0, ,0
958,958.0,M,Ing. Civil,,,Si,Si,,1,5,1,1,1,1,1,0,1,1
959,959.0,F,Ing. Civil,,,Si,Si,,1,1,1,1,3,1,0,0, ,0
960,960.0,M,Ing. Química,,,Si,Si,,1,3,1,1,3,1,0,0, ,0
961,961.0,F,Ing. Química,,,Si,Si,,5,1,1,1,1,1,1,0, ,0
962,962.0,M,Ing. Robótica y Sistemas Digitales,,,Si,Si,,3,1,1,1,3,1,0,0, ,0
963,963.0,M,Ing. Nanotecnología,,,Si,Si,,1,5,1,1,3,1,1,0,2,1
964,964.0,M,Ing. Mecatrónica/Electrónica,,,Si,Si,,0,0,0,0,0,0,0,0, ,0
965,965.0,M,Ing. Mecánica,,,Si,Si,,1,5,1,1,1,1,1,0, ,0
966,966.0,M,Ing. Mecánica,,,Si,Si,,1,1,1,1,3,1,0,0, ,0
967,967.0,M,Ing. Mecánica,,,Si,Si,,5,5,3,3,1,1,1,0,1,0
968,968.0,M,Ing. Mecatrónica/Electrónica,,,Si,Si,,3,1,1,1,1,1,0,0, ,0
969,969.0,F,Ing. Física,,,Si,Si,,5,1,1,1,1,1,1,0,2,1
970,970.0,M,Ing. Mecatrónica/Electrónica,,,Si,Si,,1,1,1,1,3,1,0,0, ,0
971,971.0,F,Ing. Nanotecnología,,,Si,Si,,1,1,3,3,1,1,0,0, ,0
972,972.0,M,Ing. Mecatrónica/Electrónica,,,Si,Si,,5,1,1,3,1,1,1,0, ,0
973,973.0,M,Ing. Mecánica,,,Si,Si,,0,0,0,0,0,0,0,0, ,0
974,974.0,F,Ing. Nanotecnología,,,Si,Si,,5,3,1,1,1,1,1,0, ,0
975,975.0,M,Ing. Industrial,,,Si,Si,,1,1,1,3,5,1,0,0, ,0
976,976.0,M,Ing. Mecatrónica/Electrónica,,,Si,Si,,1,1,1,1,5,1,0,0, ,0
977,977.0,M,Ing. Mecánica,9.0,10.0,Si,Si,,1,3,1,1,1,1,0,0, ,0
978,978.0,M,Ing. Mecánica,9.0,10.0,Si,Si,,5,1,1,3,1,1,1,0, ,0
979,979.0,M,Ing. Mecatrónica/Electrónica,9.0,10.0,Si,Si,,5,5,1,1,5,1,1,0, ,0
980,980.0,M,Ing. Mecánica,10.0,12.0,Si,Si,,3,1,5,1,3,1,1,0,1,0
981,981.0,M,Ing. Mecánica,9.0,10.0,Si,Si,,0,0,0,0,0,0,0,0, ,0
982,982.0,F,Ing. Mecánica,7.0,10.0,Si,Si,,1,1,1,1,1,0,0,0, ,0
983,983.0,M,Ing. Mecánica,9.0,10.0,Si,Si,,5,1,1,1,1,1,1,0,2,1
984,984.0,M,Ing. Mecatrónica/Electrónica,9.0,10.0,Si,Si,,5,3,3,3,1,1,1,0,2,0
985,985.0,M,Ing. Administración de Sistemas,9.0,10.0,Si,Si,,1,1,1,5,3,1,1,0, ,0
986,986.0,F,Ing. Mecatrónica/Electrónica,9.0,10.0,Si,Si,,1,1,5,3,1,1,1,0, ,0
987,987.0,M,Ing. Mecánica,11.0,10.0,Si,Si,,1,3,1,1,1,1,0,0, ,0
988,988.0,F,Negocios Internacionales,5.0,8.0,Si,Si,,5,5,1,1,1,1,1,0,2,1
989,989.0,M,Ing. Industrial,6.0,9.0,Si,Si,,1,1,1,3,5,1,0,0, ,0
990,990.0,M,Negocios Internacionales,5.0,8.0,Si,Si,,1,3,5,1,1,1,1,0, ,0
991,991.0,M,Ing. Industrial,7.0,8.0,Si,Si,,1,1,1,1,1,0,0,0, ,0
992,992.0,F,Negocios Internacionales,5.0,8.0,Si,Si,,5,5,1,1,5,1,1,0, ,0
993,993.0,F,Negocios Internacionales,5.0,8.0,Si,Si,,5,3,1,1,1,1,1,0, ,0
994,994.0,M,Negocios Internacionales,5.0,8.0,Si,Si,,1,1,1,1,3,1,0,0,1,1
995,995.0,M,Negocios Internacionales,5.0,8.0,Si,Si,,1,1,1,1,1,0,0,0, ,0
996,996.0,M,Ing. Industrial,5.0,8.0,Si,Si,,1,1,1,1,1,0,0,0, ,0
997,997.0,M,Negocios Internacionales,5.0,8.0,Si,Si,,1,5,1,3,3,1,1,0, ,0
998,998.0,M,Ing. Industrial,5.0,8.0,Si,Si,,1,3,1,3,3,1,0,0, ,0
999,999.0,F,Administración,5.0,8.0,Si,Si,,0,0,0,0,0,0,0,0, ,0
1000,1000.0,M,Administración,5.0,8.0,Si,Si,,0,0,0,0,0,0,0,0, ,0
1001,1001.0,F,Negocios Internacionales,5.0,8.0,Si,Si,,5,1,1,1,1,1,1,0,2,1
1002,1002.0,M,Ing. Industrial,5.0,8.0,Si,Si,,1,1,1,1,1,0,0,0, ,0
1003,1003.0,M,Ing. Industrial,5.0,8.0,Si,Si,,1,5,1,1,1,1,1,0,2,1
1004,1004.0,M,Ing. Industrial,7.0,8.0,Si,Si,,1,1,1,1,1,0,0,0, ,0
1005,1005.0,M,Ing. Industrial,5.0,8.0,Si,Si,,1,1,3,1,3,1,0,0, ,0
1006,1006.0,F,Negocios Internacionales,5.0,8.0,Si,Si,,1,1,3,1,1,1,0,0, ,0
1007,1007.0,F,Negocios Internacionales,5.0,8.0,Si,Si,,3,1,1,3,3,1,0,0, ,0
1008,1008.0,M,Ing. Mecánica,8.0,10.0,Si,Si,,5,3,1,1,1,1,1,0, ,0
1009,1009.0,M,Ing. Química,9.0,10.0,Si,Si,,5,3,1,1,1,1,1,0, ,0
1010,1010.0,M,Ing. Química,9.0,10.0,Si,Si,,1,1,1,3,5,1,0,0, ,0
1011,1011.0,M,Ing. Química,9.0,11.0,Si,Si,,3,5,5,3,1,1,1,0,1,0
1012,1012.0,M,Ing. Química,8.0,10.0,Si,Si,,3,5,3,1,5,1,1,0, ,0
1013,1013.0,F,Ing. Química,9.0,10.0,Si,Si,,0,0,0,0,0,0,0,0, ,0
1014,1014.0,F,Ing. Química,8.0,10.0,Si,Si,,1,1,1,1,1,0,0,0, ,0
1015,1015.0,M,Ing. Industrial,5.0,10.0,Si,Si,,5,3,1,5,3,1,1,0, ,0
1016,1016.0,M,Ing. Industrial,7.0,10.0,Si,Si,,1,3,1,1,5,1,0,0, ,0
1017,1017.0,M,Ing. Química,7.0,10.0,Si,Si,,1,1,1,5,5,1,1,0, ,0
1018,1018.0,F,Ing. Química,9.0,10.0,Si,Si,,1,1,1,1,1,0,0,0, ,0
1019,1019.0,M,Ing. Química,9.0,11.0,Si,Si,,1,3,1,1,5,1,0,0, ,0
1020,1020.0,M,Ing. Mecatrónica/Electrónica,7.0,9.0,Si,Si,,3,1,1,5,1,1,1,0,1,0
1021,1021.0,M,Ing. Mecatrónica/Electrónica,7.0,9.0,Si,Si,,3,1,1,1,1,1,0,0, ,0
1022,1022.0,F,Ing. Química,6.0,9.0,Si,Si,,1,3,3,5,5,1,1,0,1,0
1023,1023.0,M,Ing. Química,9.0,9.0,Si,Si,,1,3,5,3,1,1,1,0,1,0
1024,1024.0,M,Ing. Mecatrónica/Electrónica,6.0,9.0,Si,Si,,5,5,1,1,1,1,1,0,2,1
1025,1025.0,M,Contabilidad,,,Si,Si,,0,0,0,0,0,0,0,0, ,0
1026,1026.0,M,Contabilidad,,,Si,Si,,1,1,1,1,3,1,0,0, ,0
1027,1027.0,M,Contabilidad,,,Si,Si,,5,1,1,1,1,1,1,0, ,0
1028,1028.0,F,Ing. Gestión Empresarial ,8.0,9.0,Si,Si,,0,0,0,0,0,0,0,0, ,0
1029,1029.0,F,Ing. Mecánica,9.0,10.0,Si,Si,,1,1,1,3,3,1,0,0, ,0
1030,1030.0,M,Ing. Materiales,10.0,10.0,Si,Si,,3,1,1,5,1,1,1,0, ,0
1031,1031.0,M,Ing. Mecatrónica/Electrónica,9.0,10.0,Si,Si,,5,1,1,3,1,1,1,0, ,0
1032,1032.0,M,Ing. Mecánica Administrador/Eléctrica,9.0,10.0,Si,Si,,0,0,0,0,0,0,0,0, ,0
1033,1033.0,F,Administración,8.0,9.0,Si,Si,,1,5,1,1,1,1,1,0, ,0
1034,1034.0,M,Ing. Mecánica,9.0,10.0,Si,Si,,1,3,5,1,1,1,1,0, ,0
1035,1035.0,M,Ing. Mecánica Administrador/Eléctrica,9.0,10.0,Si,Si,,5,1,1,1,1,1,1,0, ,0
1036,1036.0,M,Ing. Materiales,10.0,8.0,Si,Si,,1,1,1,1,1,0,0,0, ,0
1037,1037.0,M,Ing. Mecánica Administrador/Eléctrica,9.0,10.0,Si,Si,,1,1,1,1,3,1,0,0, ,0
1038,1038.0,F,Ing. Eléctrica,9.0,10.0,Si,Si,,1,3,1,1,1,1,0,0, ,0
1039,1039.0,F,Derecho/Ciencias Políticas,7.0,9.0,Si,Si,,1,3,1,1,1,1,0,0, ,0
1040,1040.0,F,Economía/Finanzas,5.0,9.0,Si,Si,,0,0,0,0,0,0,0,0, ,0
1041,1041.0,M,Ing. Mecatrónica/Electrónica,9.0,10.0,Si,Si,,5,5,1,1,1,1,1,0, ,0
1042,1042.0,M,Ing. Mecánica,9.0,9.0,Si,Si,,5,3,1,3,5,1,1,0,2,1
1043,1043.0,F,Ing. Gestión Empresarial,7.0,9.0,Si,Si,,1,3,3,5,1,1,1,0,2,1
1044,1044.0,M,Ing. Industrial,7.0,10.0,Si,Si,,1,1,1,3,1,1,0,0, ,0
1045,1045.0,F,Derecho/Ciencias Políticas,5.0,9.0,Si,Si,,3,1,1,5,5,1,1,0,2,1
1046,1046.0,M,Ing. Mecatrónica/Electrónica,9.0,13.0,Si,Si,,1,3,1,1,1,1,0,0, ,0
1047,1047.0,F,Ing. Química,7.0,10.0,Si,Si,,5,5,1,1,5,1,1,0, ,0
1048,1048.0,M,Ing. Mecatrónica/Electrónica,8.0,9.0,Si,Si,,0,0,0,0,0,0,0,0, ,0
1049,1049.0,F,Ing. Química,6.0,10.0,Si,Si,,1,1,1,1,1,0,0,0, ,0
